Compound,Date,Negative,Neutral,Positive,Tweet Text,Tweets Ago,User
-0.5719,Sun Jun 10 19:04:08 +0000 2018,0.239,0.761,0.0,"As the Poldarks look to rebuild their marriage, Cornwall struggles under Warleggan pressure. 

#Poldark | 9pm |‚Ä¶ https://t.co/yPvJnKdRr9",0,@BBC
0.4588,Sun Jun 10 18:02:27 +0000 2018,0.0,0.88,0.12,Can we interest you in a little cockroach milk to go with your cereal? Because this could be the next big food fad.‚Ä¶ https://t.co/Vk8TrTfYQr,1,@BBC
0.0,Sun Jun 10 17:03:05 +0000 2018,0.0,1.0,0.0,Emily Davison became a martyr to the suffragette cause after running in front of the king's horse at the Epsom Derb‚Ä¶ https://t.co/ULpY95lcsi,2,@BBC
0.0,Sun Jun 10 16:02:05 +0000 2018,0.0,1.0,0.0,Little girls don‚Äôt stay little forever. https://t.co/3yThJBbcUs,3,@BBC
0.6808,Sun Jun 10 15:22:00 +0000 2018,0.0,0.804,0.196,"RT @BBCOne: ""We are woman, we have loud voices and lightbulb hearts...
Our bodies are like miracles, we are proud of what we are.""

Celebra‚Ä¶",4,@BBC
0.7003,Sun Jun 10 15:19:47 +0000 2018,0.0,0.799,0.201,"RT @BBCOne: Women across the UK are marching together to create a living artwork, to mark 100 years since the first British women won the v‚Ä¶",5,@BBC
-0.25,Sun Jun 10 15:01:05 +0000 2018,0.236,0.61,0.154,"Is feminism actually just a war on men? @RachelParris has some thoughts... üòÇ
#TheMashReport https://t.co/t31I5bFWgn",6,@BBC
0.0,Sun Jun 10 14:38:18 +0000 2018,0.0,1.0,0.0,"RT @CBeebiesHQ: Would you consider an alternative to mainstream education? 

@BBCNews #SundayThoughts https://t.co/hwileHwd1K",7,@BBC
0.5719,Sun Jun 10 14:37:55 +0000 2018,0.0,0.861,0.139,"RT @BBCOne: We're celebrating female voices and achievements across the BBC to mark 100 years since women got the vote. 

Hands up to Bake‚Ä¶",8,@BBC
-0.4215,Sun Jun 10 13:02:07 +0000 2018,0.256,0.6,0.144,"‚öíüé¨ @chrishemsworth returns as the hammer-wielding hero fighting a sinister race of Dark Elves...

Thor: The Dark Wo‚Ä¶ https://t.co/PQJ6HnKDfI",9,@BBC
0.5719,Sun Jun 10 12:12:42 +0000 2018,0.0,0.861,0.139,"RT @bbcarts: 100 years after the Suffragettes won the right to vote, women will gather in the streets of Belfast, Cardiff, Edinburgh and Lo‚Ä¶",10,@BBC
0.0,Sun Jun 10 12:02:04 +0000 2018,0.0,1.0,0.0,"Kirsty Young presents live coverage of the processions across London, Edinburgh, Cardiff and Belfast to mark the ce‚Ä¶ https://t.co/MMZLWLI5uG",11,@BBC
0.0,Sun Jun 10 10:58:07 +0000 2018,0.0,1.0,0.0,Can you believe these wonders are beneath UK waters? https://t.co/BJ3SEEIjDN,12,@BBC
-0.3818,Sun Jun 10 10:28:00 +0000 2018,0.12,0.88,0.0,"In 1913, Emily Wilding Davison made the ultimate sacrifice in the fight for women's right to vote.
#HearHer #Vote100 https://t.co/qr7UAIPtGr",13,@BBC
0.5719,Sun Jun 10 10:11:08 +0000 2018,0.0,0.861,0.139,RT @BBCTwo: We're celebrating female voices and achievements across the BBC to mark 100 years since women got the vote. So here's to Polly‚Ä¶,14,@BBC
-0.4588,Sun Jun 10 10:01:05 +0000 2018,0.227,0.625,0.148,"Learning to embrace that sinking, nagging feeling we get when we realise we have made the wrong choice. 
üëâ‚Ä¶ https://t.co/HlxIqK5SHb",15,@BBC
0.0,Sun Jun 10 09:01:05 +0000 2018,0.0,1.0,0.0,How the suffragettes woke us up. https://t.co/WrXoMnNNIZ,16,@BBC
0.0,Sun Jun 10 08:01:04 +0000 2018,0.0,1.0,0.0,"‚ù§Ô∏è The moment actor Maisie Sly, who's deaf, finds out she's going to meet the Queen!  https://t.co/0D0gJq0rgE",17,@BBC
0.9134,Sun Jun 10 07:03:02 +0000 2018,0.067,0.491,0.442,"This elderly man was struggling slowly across a busy road in China - but luckily, help was at hand! https://t.co/xfCtAOkL6F",18,@BBC
0.0,Sat Jun 09 20:04:00 +0000 2018,0.0,1.0,0.0,"Would you describe yourself as a feminist?
#HearHer https://t.co/RZh8XfEria",19,@BBC
0.3612,Sat Jun 09 19:02:05 +0000 2018,0.0,0.878,0.122,"What is it like being Germaine Greer? This observational documentary spends time with her and finds out.

Germaine‚Ä¶ https://t.co/YauZn2kit4",20,@BBC
0.0,Sat Jun 09 18:04:03 +0000 2018,0.0,1.0,0.0,"The cast of @QueerEye brought a bag of goodies along to @BBCR1's #BiggestWeekend üòçüéÅ

Here's what @tanfrance,‚Ä¶ https://t.co/c82OxTDXfI",21,@BBC
0.5719,Sat Jun 09 17:01:05 +0000 2018,0.0,0.829,0.171,"One hundred years after some women won the right to vote, @ScarlettMoffatt tells the story of the suffragettes. https://t.co/B8gr3KbzkJ",22,@BBC
0.4019,Sat Jun 09 16:04:03 +0000 2018,0.156,0.623,0.222,"A year on from the Grenfell Tower fire, Sean and his charity have been supporting children affected by the tragedy,‚Ä¶ https://t.co/GXtypl36BW",23,@BBC
-0.7783,Sat Jun 09 15:02:02 +0000 2018,0.327,0.673,0.0,One shocking day of sexual violence from the police altered the suffragettes' political strategy forever.‚Ä¶ https://t.co/O1pfqAhXLa,24,@BBC
0.7717,Sat Jun 09 14:04:02 +0000 2018,0.0,0.472,0.528,‚ù§Ô∏èÔ∏è This is what love looks like. https://t.co/Qle1eoBU5x,25,@BBC
0.3612,Sat Jun 09 13:24:03 +0000 2018,0.0,0.815,0.185,"üòÜ @ChanningTatum and @UsainBolt have all the moves.  
#TheGNShow https://t.co/ry6TVJ6b6P",26,@BBC
0.0,Sat Jun 09 13:03:06 +0000 2018,0.0,1.0,0.0,"Fifty nations are now taking action to reduce plastic pollution, according to the biggest report so far from the‚Ä¶ https://t.co/cz3KvhuKb4",27,@BBC
0.0,Sat Jun 09 12:23:25 +0000 2018,0.0,1.0,0.0,RT @BBCNews: The Royal family watch the RAF flypast from Buckingham Palace. 23 aircraft are taking part to mark the Queen's official birthd‚Ä¶,28,@BBC
0.9317,Sat Jun 09 12:03:00 +0000 2018,0.0,0.441,0.559,Your friend that likes gin will LOVE this. #TopOfTheShop üòç #WorldGinDay https://t.co/0y9sqjluRF,29,@BBC
0.0,Sat Jun 09 11:10:52 +0000 2018,0.0,1.0,0.0,RT @BBCNews: The Trooping the Colour parade which marks the Queen's official birthday is underway in London. The Queen and Duke and Duchess‚Ä¶,30,@BBC
-0.7269,Sat Jun 09 11:04:08 +0000 2018,0.305,0.588,0.106,"üòÇ Fashion sense v common sense: the battle rages on.

Is the 'fanny pack shoe' an ugly fashion step too far?
üëâ‚Ä¶ https://t.co/WJ11O2gJxE",31,@BBC
0.0,Sat Jun 09 10:10:06 +0000 2018,0.0,1.0,0.0,"As football fans across the globe look forward to #Russia2018, @mrdanwalker looks back at England's World Cup-winni‚Ä¶ https://t.co/3w7JJV7JwI",32,@BBC
-0.6808,Sat Jun 09 10:09:40 +0000 2018,0.219,0.73,0.051,"RT @bbcstories: Ever wondered why alcohol can seem to solve all our problems, but ends up making them even worse? This doctor‚Äôs explanation‚Ä¶",33,@BBC
0.8658,Sat Jun 09 08:55:42 +0000 2018,0.0,0.7,0.3,"RT @BBCBreakfast: Yep, this is real... Russian hosts are being taught how to smile to make visitors feel welcome to the World Cup. üòÅ
#BBCWo‚Ä¶",34,@BBC
0.6239,Sat Jun 09 08:54:21 +0000 2018,0.0,0.806,0.194,"RT @bbcrb: Just amazing.
The WHOLE community was invited to this Iftar meal. THOUSANDS turned up! üôåüôå https://t.co/WAOYvHIbx3",35,@BBC
0.0,Sat Jun 09 08:53:14 +0000 2018,0.0,1.0,0.0,RT @bbccomedy: Dame Emma Thompson! ‚ù§Ô∏è #QueensBirthdayHonours https://t.co/sGDU1GC3SU,36,@BBC
0.7579,Sat Jun 09 08:52:54 +0000 2018,0.0,0.787,0.213,"RT @BBC6Music: Which riffs do you wish you had written?

ü§ò @st_vincent had some brilliant suggestions when she took over our Instagram toda‚Ä¶",37,@BBC
0.8122,Sat Jun 09 08:52:46 +0000 2018,0.0,0.697,0.303,RT @BBCArtsPR: Our very own @wmarybeard has received a damehood in the Queen's birthday honours list - congratulations Mary! @bbcarts @BBCF‚Ä¶,38,@BBC
0.5859,Sat Jun 09 08:52:33 +0000 2018,0.0,0.853,0.147,RT @bbcarts: Women across Britain raise banners for suffrage &amp; what it means to be a C21st woman. See selection of brilliant banners prior‚Ä¶,39,@BBC
0.0,Sat Jun 09 08:50:01 +0000 2018,0.0,1.0,0.0,"RT @BBCEngland: Britain's longest-serving poppy seller, 103-year-old Rosemary Powell, has been appointed an MBE in the Queen's birthday hon‚Ä¶",40,@BBC
0.4215,Sat Jun 09 08:32:05 +0000 2018,0.0,0.877,0.123,"üá¨üáß @huwbbc introduces live coverage of the military parade to mark the official birthday of HM the Queen. 

Troopin‚Ä¶ https://t.co/y1b6OpOoey",41,@BBC
0.7783,Sat Jun 09 07:28:04 +0000 2018,0.097,0.51,0.393,"The charming and beautiful films of Lotte Reiniger, forgotten pioneer of animation. https://t.co/T2N7eLjHKh",42,@BBC
0.0,Fri Jun 08 20:04:03 +0000 2018,0.0,1.0,0.0,"üé∂ Tonight, @ArcticMonkeys perform live for @BBCR1 at the legendary Maida Vale studios.

Artic Monkeys Live at the B‚Ä¶ https://t.co/l8FI1nOTWY",43,@BBC
0.7809,Fri Jun 08 18:09:05 +0000 2018,0.0,0.617,0.383,üíÉüï∫ Why does dancing with our friends make us feel so good? https://t.co/iokI919nJp,44,@BBC
0.5574,Fri Jun 08 17:03:04 +0000 2018,0.0,0.841,0.159,üé∂ü¶àüöÄüöó From jazz-loving sharks to @elonmusk shooting his car into space: these are the 7 funniest news stories of the‚Ä¶ https://t.co/TN5XaD9I0k,45,@BBC
0.0,Fri Jun 08 16:02:00 +0000 2018,0.0,1.0,0.0,Leaving your responsibilities behind on a Friday like... üíÅüëã #FridayFeeling @taylorswift13 https://t.co/wvmpzlOSel,46,@BBC
0.4019,Fri Jun 08 13:03:05 +0000 2018,0.0,0.829,0.171,"üì∫ From drama Succession to the return of @PoldarkTV, here are the TV shows worth watching in June. 
üëâ‚Ä¶ https://t.co/VFdghjNGmK",47,@BBC
0.784,Fri Jun 08 12:28:10 +0000 2018,0.0,0.734,0.266,RT @bbcouch: We can announce today that Britain's Got Talent winner @LostVoiceGuy will be hosting our Storytelling Live event at @edfringe!‚Ä¶,48,@BBC
0.34,Fri Jun 08 12:24:37 +0000 2018,0.0,0.854,0.146,"RT @BBCEarth: We all have a part to play in protecting #OurBluePlanet.
#WorldOceansDay üíô https://t.co/1TM73iYPmA",49,@BBC
-0.8126,Fri Jun 08 12:19:25 +0000 2018,0.27,0.73,0.0,"üíî US celebrity chef and television personality Anthony Bourdain has been found dead in his hotel room, aged 61.
üëâ‚Ä¶ https://t.co/55jBxSrdUS",50,@BBC
0.0,Fri Jun 08 12:04:03 +0000 2018,0.0,1.0,0.0,The unexpected pioneering women of electronic music. https://t.co/ih6gK1Sz0y,51,@BBC
-0.2263,Fri Jun 08 11:03:04 +0000 2018,0.106,0.894,0.0,"Forget hygge, a new Nordic lifestyle trend called 'p√§ntsdrunk' is all about drinking in your underwear. üëôüçª‚Ä¶ https://t.co/SBTQBZ5E5e",52,@BBC
0.2023,Fri Jun 08 10:52:51 +0000 2018,0.0,0.927,0.073,"RT @UKMoments: All-day Friday @BBC6Music will be playing an all-female playlist, spun by an all-woman DJ line up as part of the BBC's #Hear‚Ä¶",53,@BBC
0.0,Fri Jun 08 10:50:03 +0000 2018,0.0,1.0,0.0,"Pippa Middleton has confirmed she is expecting her first child with husband James Matthews. 
https://t.co/4SiziX5Tix https://t.co/bFobAI2hBp",54,@BBC
-0.3089,Fri Jun 08 09:01:04 +0000 2018,0.17,0.83,0.0,"'If the oceans don't stay healthy, human beings are doomed.' 
#WorldOceansDay https://t.co/5aTLEHZ9Mi",55,@BBC
0.4404,Fri Jun 08 08:46:14 +0000 2018,0.0,0.861,0.139,"RT @BBC6Music: This Friday, @St_Vincent takes over our Instagram (https://t.co/ui96YFYsuH) and offers some advice to improve your day. Here‚Ä¶",56,@BBC
0.5413,Fri Jun 08 08:01:07 +0000 2018,0.0,0.741,0.259,"These ducklings jumping from their nest are absolutely adorable. ü¶Üüê£‚ù§Ô∏èÔ∏è
https://t.co/NlQijnt3hm",57,@BBC
-0.1603,Fri Jun 08 07:29:05 +0000 2018,0.075,0.925,0.0,"üèô We often think of cities as the least healthy places to live. But what does the research say?
üëâ‚Ä¶ https://t.co/gm4wRIFCQG",58,@BBC
0.0,Fri Jun 08 07:00:18 +0000 2018,0.0,1.0,0.0,"üåäüíô A message from Sir David Attenborough for #WorldOceansDay. 
 https://t.co/778x4RMMRv",59,@BBC
-0.3612,Thu Jun 07 19:04:09 +0000 2018,0.143,0.857,0.0,"#OurGirl's Michelle Keegan discovers her great-great-grandmother was a suffragette, fighting for women to get the v‚Ä¶ https://t.co/sNDxrleuGi",60,@BBC
0.0,Thu Jun 07 18:00:21 +0000 2018,0.0,1.0,0.0,‚ù§Ô∏èÔ∏è Harry has been wearing a Spider-Man mask during his radiotherapy to give him 'superpowers'. https://t.co/rsyOrCzD7k,61,@BBC
0.7964,Thu Jun 07 16:02:03 +0000 2018,0.0,0.53,0.47,Turns out even Shakespearean acting legends love a good chinwag. https://t.co/0DO0vG4uZg,62,@BBC
0.4404,Thu Jun 07 15:36:48 +0000 2018,0.0,0.892,0.108,"RT @BBC6Music: üí™ Who do you hope to hear during our all-female #HearHer day from 5am-midnight on Friday?

Backstage in Belfast we asked @fi‚Ä¶",63,@BBC
0.8043,Thu Jun 07 15:32:24 +0000 2018,0.086,0.544,0.369,This elderly man was struggling slowly across a busy road - but help was at hand! https://t.co/xfCtAOkL6F,64,@BBC
-0.7906,Thu Jun 07 14:04:02 +0000 2018,0.259,0.741,0.0,"üêç A Texan required 26 doses of anti-venom after he was bitten by the severed head of a rattlesnake he had killed.
üëâ‚Ä¶ https://t.co/zdD1aO7POz",65,@BBC
-0.4588,Thu Jun 07 13:00:43 +0000 2018,0.138,0.862,0.0,RT @BBC_ARoadshow: 'We did it for all women' - 50 years after they walked out the Dagenham women say the fight for equal pay must go on #An‚Ä¶,66,@BBC
0.2263,Thu Jun 07 13:00:26 +0000 2018,0.0,0.921,0.079,"üéûüé¨ From the Jurassic World sequel to an Oscar Wilde biopic, these films are worth making a trip to the cinema for t‚Ä¶ https://t.co/PODFpM3UOq",67,@BBC
-0.5574,Thu Jun 07 12:01:05 +0000 2018,0.242,0.659,0.099,"üëäüíï If you've ever been touched by cancer, Julie's message will be important. 
https://t.co/L7Ebn2c0Ed",68,@BBC
0.6531,Thu Jun 07 11:46:22 +0000 2018,0.052,0.733,0.215,"RT @BBCEarth: Are you obsessed with the ocean? üåä
Do you go wild for whales? üêã
Want to share your passion for presenting with the world?
Ent‚Ä¶",69,@BBC
0.7003,Thu Jun 07 11:01:05 +0000 2018,0.0,0.784,0.216,üíïüêÆ Cow cuddling is the new wellness trend coming to a field near you and it's guaranteed to put you in a good moooo‚Ä¶ https://t.co/8DJNABgCFc,70,@BBC
0.0,Thu Jun 07 09:37:40 +0000 2018,0.0,1.0,0.0,Little girls don‚Äôt stay little forever. https://t.co/3yThJBbcUs,71,@BBC
0.3612,Thu Jun 07 08:01:03 +0000 2018,0.0,0.828,0.172,What it's like to find out you were adopted at age 49. https://t.co/Fl1LZJOMKZ,72,@BBC
0.3182,Thu Jun 07 07:28:01 +0000 2018,0.0,0.892,0.108,"The original illustrated map of The Hundred Acre Wood is expected to fetch between ¬£100,000 - ¬£150,000 when it goes‚Ä¶ https://t.co/FVle3m5MCh",73,@BBC
0.5106,Thu Jun 07 07:01:05 +0000 2018,0.0,0.732,0.268,‚ù§Ô∏èüê∂ Some heroes don't wear capes - they wear collars. https://t.co/0YF9EdnfL1,74,@BBC
0.0,Wed Jun 06 20:44:01 +0000 2018,0.0,1.0,0.0,"Tonight, award-winning writer Jeanette Winterson asks what we can learn from the Suffragette movement of a century‚Ä¶ https://t.co/K9P2GuRy7X",75,@BBC
0.3818,Wed Jun 06 20:04:00 +0000 2018,0.0,0.86,0.14,Comedian @JordBrookes joins @SusanCalman for #MrsBrightside - her brand new podcast about mental health from the po‚Ä¶ https://t.co/nIvQ5c2NNT,76,@BBC
0.0,Wed Jun 06 19:03:03 +0000 2018,0.0,1.0,0.0,"Tonight, #OurGirl actress @michkeegan uncovers some exceptional women on her family tree. üôãüíï

Who Do You Think You‚Ä¶ https://t.co/HDwdTyTqIw",77,@BBC
0.1779,Wed Jun 06 18:03:04 +0000 2018,0.122,0.718,0.16,No leaks (and better orgasms) - what you need to know about your pelvic floor. https://t.co/m8pGrbm71M,78,@BBC
0.0,Wed Jun 06 17:02:09 +0000 2018,0.0,1.0,0.0,"74 years on from D-Day, these infrared photos show WW2 bunkers in new light. üì∑ 
https://t.co/Dn2XKQ5jtZ https://t.co/Rqm91pIfj4",79,@BBC
0.0,Wed Jun 06 16:00:01 +0000 2018,0.0,1.0,0.0,"There are more than 110,000 gang members in Honduras and they're tearing the country apart. https://t.co/ZF9M0iAvzb",80,@BBC
0.3182,Wed Jun 06 13:02:05 +0000 2018,0.0,0.892,0.108,From a French novel about the Burundi genocide to a Chilean mystery: add these titles to your book shelf this month‚Ä¶ https://t.co/T9AG8kvoPG,81,@BBC
-0.5574,Wed Jun 06 12:21:20 +0000 2018,0.153,0.847,0.0,"RT @BBC_ARoadshow: Fiona discovers more about suffragette Emily Wilding Davison, who died after throwing herself in front of the King's hor‚Ä¶",82,@BBC
-0.6523,Wed Jun 06 12:03:06 +0000 2018,0.236,0.764,0.0,"Ethan Hawke relives the time when one of his co-stars DIED on stage. #TheGNShow

https://t.co/XIG2Y8OA7m",83,@BBC
0.0,Wed Jun 06 11:02:02 +0000 2018,0.0,1.0,0.0,"In 1993, Steven Spielberg's film Jurassic Park defined dinosaurs for an entire generation... but does it make scien‚Ä¶ https://t.co/wLK4pyl9pv",84,@BBC
0.0,Wed Jun 06 10:01:40 +0000 2018,0.0,1.0,0.0,"RT @BBCSpringwatch: Ever heard a beatboxing starling? üîä üîä

#Springwatch https://t.co/NC52eJ4MX0",85,@BBC
0.4215,Wed Jun 06 08:55:39 +0000 2018,0.0,0.833,0.167,RT @bbcthree: Madame Poole has been ballet dancing for an astounding seven decades. #HearHer https://t.co/X6ltLoANl7,86,@BBC
0.0,Wed Jun 06 08:55:07 +0000 2018,0.0,1.0,0.0,"RT @BBCFOUR: Here's a sneak preview of our brand new drama #Hidden. Starts Saturday, 9pm, @BBCFour. https://t.co/cibPD1hzr3 https://t.co/te‚Ä¶",87,@BBC
0.2732,Wed Jun 06 08:02:01 +0000 2018,0.126,0.698,0.177,"When Mona began to lose her sight, her 84-year-old husband did something amazing for her... üíÖüíÑ‚ù§Ô∏èÔ∏è

https://t.co/Qle1eoBU5x",88,@BBC
-0.7579,Wed Jun 06 07:31:01 +0000 2018,0.281,0.667,0.053,"We're all familiar with that sinking, nagging feeling we get when we realise we have made the wrong choice. üòü

But‚Ä¶ https://t.co/NPYZY5U43f",89,@BBC
0.0,Wed Jun 06 07:04:04 +0000 2018,0.0,1.0,0.0,"üìªüê´ü¶Öüêºü¶à @GregJames has got a new co-host!

Sir David Attenborough becomes a @BBCR1 DJ at 5pm today... 

https://t.co/zHHtjBZZ9v",90,@BBC
-0.4019,Tue Jun 05 19:25:03 +0000 2018,0.137,0.863,0.0,"'The problem with plastic is that it never goes away. It doesn't decompose. It defies nature.' 
#WorldEnvironmentDay https://t.co/Tkmj9qXzlK",91,@BBC
-0.7184,Tue Jun 05 19:02:05 +0000 2018,0.273,0.727,0.0,"#OurGirl is back and heading to Nigeria in the fight against terror. 

Our Girl | 9pm | @BBCOne |‚Ä¶ https://t.co/epbhcujexD",92,@BBC
0.0,Tue Jun 05 18:02:06 +0000 2018,0.0,1.0,0.0,"üë∂ü•¶ If your child's a fussy eater, here are 5 tips from scientist @Dr_C_Llewellyn. https://t.co/MOhdgXa96t",93,@BBC
0.8221,Tue Jun 05 16:50:46 +0000 2018,0.0,0.719,0.281,RT @BBCTwo: Always wanted to pitch an idea to the stars of #DragonsDen? Well here‚Äôs your chance! Reply to this tweet with your best busines‚Ä¶,94,@BBC
-0.8126,Tue Jun 05 16:31:52 +0000 2018,0.27,0.73,0.0,"üíî Fashion designer Kate Spade, 55, has been found dead in her New York apartment.
üëâ https://t.co/ku2uHiO0Nh https://t.co/sg40Mjbb12",95,@BBC
-0.1531,Tue Jun 05 16:00:22 +0000 2018,0.11,0.814,0.076,‚ôªÔ∏èüóë These protesters want shops to take more responsibility for the overuse of plastic packaging.‚Ä¶ https://t.co/C4YX62DYWU,96,@BBC
0.6369,Tue Jun 05 13:01:07 +0000 2018,0.0,0.84,0.16,"‚ù§Ô∏èüòΩ This man has vowed to be the best 'cat dad' he can be after finding random kittens under his bed. 
üëâ‚Ä¶ https://t.co/fWsKzfv8s3",97,@BBC
0.8122,Tue Jun 05 12:00:22 +0000 2018,0.09,0.519,0.391,"üòÇ These knitted Poldark dolls are the best!
#TheGNShow https://t.co/Mpc1dWzojg",98,@BBC
0.4019,Tue Jun 05 11:12:05 +0000 2018,0.0,0.863,0.137,"RT @BBC_ARoadshow: From artists to explorers, suffragettes to swimmers #antiquesroadshow discovers the pioneering women who have help shape‚Ä¶",99,@BBC
0.0,Sun Jun 10 22:01:25 +0000 2018,0.0,1.0,0.0,"The hosts have arrived! We're LIVE with @SaraBareilles, @joshgroban and more on the #TonyAwards red carpet hosted b‚Ä¶ https://t.co/NtarbgywLe",0,@CBS
0.4184,Sun Jun 10 15:00:01 +0000 2018,0.0,0.843,0.157,Tonight's the night! Join @etnow's @DDirecto on the #TonyAwards' red carpet starting at 5PM ET! https://t.co/hZLOSiIRAT,1,@CBS
0.68,Sat Jun 09 21:00:02 +0000 2018,0.0,0.763,0.237,These two know a thing or two about awards! Watch them light up the stage tomorrow at the #TonyAwards. ‚ú® https://t.co/KHVZp65oLS,2,@CBS
0.0,Sat Jun 09 16:00:00 +0000 2018,0.0,1.0,0.0,Here's everything you need to know before watching the #TonyAwards this Sunday at 8/7c: https://t.co/jcRgNGmLUZ https://t.co/8suUhVPFK6,3,@CBS
0.296,Fri Jun 08 19:46:17 +0000 2018,0.0,0.82,0.18,Join @etnow's @DDirecto this Sunday on the #TonyAwards' red carpet. https://t.co/7jS8g10KmY,4,@CBS
0.0,Fri Jun 08 15:00:03 +0000 2018,0.0,1.0,0.0,Here's @laChanze with a reminder that you can stream the #TonyAwards this Sunday on CBS All Access! https://t.co/8TDEXzKmyQ,5,@CBS
0.9078,Fri Jun 08 13:58:15 +0000 2018,0.0,0.564,0.436,"We all get by with a little help from our friends, so what better way to celebrate #NationalBestFriendsDay than to‚Ä¶ https://t.co/pIZezbBwaT",6,@CBS
0.3612,Thu Jun 07 17:03:26 +0000 2018,0.0,0.872,0.128,"Get ready for show-stopping performances by the casts of the 2018 Tony-nominated shows Mean Girls, SpongeBob Square‚Ä¶ https://t.co/NiSx9Bbw0F",7,@CBS
0.2732,Wed Jun 06 21:00:24 +0000 2018,0.105,0.719,0.176,Don‚Äôt miss a special performance from @springsteen this Sunday at the #TonyAwards: https://t.co/LYYdleaFwU https://t.co/IKkKoITH9y,8,@CBS
0.3595,Wed Jun 06 00:08:30 +0000 2018,0.0,0.872,0.128,"RT @CBSThisMorning: .@SaraBareilles and @joshgroban are hosting this Sunday's @TheTonyAwards on @CBS! 

Wednesday, they'll join us LIVE on‚Ä¶",9,@CBS
-0.4404,Tue Jun 05 22:23:35 +0000 2018,0.177,0.723,0.1,"RT @SU2C: SU2C telecast Co-Executive Producer Bradley Cooper sits down with Mitch Carbon, a pediatric cancer survivor who benefited from #S‚Ä¶",10,@CBS
0.4574,Tue Jun 05 22:12:28 +0000 2018,0.0,0.824,0.176,RT @StrangeAngel: About last night... The #StrangeAngel screening party was a blast! Pun intended. üöÄüòè https://t.co/m64EcNmweY,11,@CBS
0.5093,Tue Jun 05 19:00:02 +0000 2018,0.0,0.845,0.155,These CBS stars can really belt it out! Find out which celebs from your favorite shows are pitch-perfect:‚Ä¶ https://t.co/X4zMACFazB,12,@CBS
0.0,Tue Jun 05 15:04:41 +0000 2018,0.0,1.0,0.0,"More stars are set to appear at the #TonyAwards, including @billyjoel, @amyschumer, and @katharinemcphee. See who e‚Ä¶ https://t.co/lPUocBcn9t",13,@CBS
0.0,Mon Jun 04 17:00:00 +0000 2018,0.0,1.0,0.0,"The #TonyAwards are just days away, and @joshgroban and @SaraBareilles will bring all they've got to Broadway's Big‚Ä¶ https://t.co/eKkWn6ClSq",14,@CBS
-0.3903,Fri Jun 01 17:39:17 +0000 2018,0.131,0.807,0.062,"Call us old-fashioned, but we donut want you missing out on #NationalDonutDay! Here are a few treats from us to you‚Ä¶ https://t.co/HpzN8bQ3SO",15,@CBS
0.8442,Fri Jun 01 17:00:03 +0000 2018,0.0,0.664,0.336,Remember @Lin_Manuel‚Äôs beautiful sonnet from the 70th Annual Tony Awards¬Æ? Relive some of the greatest moments in‚Ä¶ https://t.co/IZjeQLd58C,16,@CBS
0.8932,Thu May 31 23:50:00 +0000 2018,0.0,0.545,0.455,"Good friends @joshgroban and @SaraBareilles are hosting the #TonyAwards together? Well, this is bound to be fun! https://t.co/26Vgzp0s2e",17,@CBS
0.4926,Wed May 30 15:07:34 +0000 2018,0.0,0.849,0.151,"The #TonyAwards just got even better because @UzoAduba, @MattBomer, and more stars will be presenting live! Find ou‚Ä¶ https://t.co/hfFBtWo1T9",18,@CBS
0.0,Mon May 28 21:00:01 +0000 2018,0.0,1.0,0.0,"Mark your calendars. @SalvationCBS returns Monday, June 25 at 9/8c! ‚òÑÔ∏è https://t.co/N9pYuhYLRF",19,@CBS
0.0,Mon May 28 02:08:19 +0000 2018,0.0,1.0,0.0,RT @thegoodfight: All episodes of season 2 are now available. Stream #TheGoodFight on CBS All Access: https://t.co/k3tn8kR9KC https://t.co/‚Ä¶,20,@CBS
0.6239,Wed May 23 23:07:38 +0000 2018,0.0,0.797,0.203,Get the popcorn ready! üçø  It's going to be an unforgettable @survivorcbs finale. Make sure to tune in TONIGHT at 8/‚Ä¶ https://t.co/vp0JyqfXMQ,21,@CBS
0.5859,Wed May 23 19:02:43 +0000 2018,0.0,0.826,0.174,"RT @StrangeAngel: Every brilliant mind has a dark side. #StrangeAngel launches June 14, only on CBS All Access. https://t.co/y0MZg1BzEB htt‚Ä¶",22,@CBS
0.1139,Tue May 22 23:19:40 +0000 2018,0.0,0.917,0.083,Prepare yourself. The @NCIS_CBS season finale is unlike any other. Don't miss it TONIGHT at 8/7c. https://t.co/MOH6uiFc0C,23,@CBS
0.0,Tue May 22 20:02:22 +0000 2018,0.0,1.0,0.0,"Summer heats up with @CBSBigBrother, @SalvationCBS, and the brand-new competition series @TKOCBS. Find out when you‚Ä¶ https://t.co/DxE7OnKs17",24,@CBS
0.0,Mon May 21 23:00:01 +0000 2018,0.0,1.0,0.0,Who‚Äôs going to be watching the season finale of @ManWithAPlan tonight? RT if you'll be tuning in at 8:30/7:30c! https://t.co/ARLRtVuGuc,25,@CBS
0.3382,Sun May 20 20:00:00 +0000 2018,0.061,0.808,0.131,The season finale of @MadamSecretary will leave you speechless! Make sure to tune in tonight at 10/9c. https://t.co/hqxkLZsWpl,26,@CBS
0.1867,Sun May 20 17:00:01 +0000 2018,0.0,0.92,0.08,The @NCISLA season finale is going to be a wild ride. Don't miss all of the action starting TONIGHT at 8/7c! https://t.co/PNtUuVf9VQ,27,@CBS
0.4199,Sat May 19 08:00:01 +0000 2018,0.0,0.715,0.285,Retweet if you're ready for the #RoyalWedding! https://t.co/k57NM7OrXn,28,@CBS
0.0,Fri May 18 21:00:01 +0000 2018,0.0,1.0,0.0,It's going down (literally) on the Season Finale of @HawaiiFive0CBS when a submarine appears off the coast of Waiki‚Ä¶ https://t.co/oD7Le5XUz6,29,@CBS
0.3595,Fri May 18 14:00:03 +0000 2018,0.0,0.849,0.151,"The #RoyalWedding is finally here, and you're invited! Join @CBSThisMorning‚Äôs @GayleKing and @etnow‚Äôs @KevinFrazier‚Ä¶ https://t.co/Q5xiRkXLUz",30,@CBS
0.7177,Thu May 17 23:44:27 +0000 2018,0.0,0.739,0.261,When the @LifeInPiecesCBS season finale is back-to-back episodes. üëè Get ready for double the laughs at 9/8c! https://t.co/SYW5UzXobv,31,@CBS
0.1867,Thu May 17 21:19:59 +0000 2018,0.0,0.907,0.093,Rules were made to be broken.üí• Don't miss the heart-pounding season finale of @swatcbs TONIGHT at 10/9c! https://t.co/NXLbeIrvcp,32,@CBS
0.0,Thu May 17 19:12:51 +0000 2018,0.0,1.0,0.0,"Is it fall yet? Check out the first looks at our new fall shows and stars from the CBS Upfront!

https://t.co/l7GQVRzRFw",33,@CBS
0.5562,Thu May 17 13:00:00 +0000 2018,0.0,0.854,0.146,How many shows can you binge in a month? Find out with a 1 month free trial of CBS All Access! Use code STREAMITALL‚Ä¶ https://t.co/yccQppCaxC,34,@CBS
0.75,Thu May 17 00:00:00 +0000 2018,0.0,0.758,0.242,"Save the dates! The CBS Fall lineup is here, and we're welcoming six new shows in addition to returning hits. Which‚Ä¶ https://t.co/f9PSQfpHL7",35,@CBS
0.5574,Wed May 16 22:56:24 +0000 2018,0.0,0.841,0.159,What happens when the friendliest guy in the Midwest moves his family next door to a not-so-friendly new LA neighbo‚Ä¶ https://t.co/KtEoNE3deL,36,@CBS
0.3802,Wed May 16 22:56:24 +0000 2018,0.0,0.89,0.11,"When @MurphyBrownCBS returns to the news world, things sure won't be what they used to be! The revival of the groun‚Ä¶ https://t.co/jJcgyqyDxL",37,@CBS
0.34,Wed May 16 22:56:23 +0000 2018,0.0,0.888,0.112,"When decorated former Navy SEAL Thomas Magnum returns home to Hawaii, he embarks on a new mission: solving cases in‚Ä¶ https://t.co/6n2MWY3c2f",38,@CBS
0.5859,Wed May 16 22:56:23 +0000 2018,0.0,0.826,0.174,The ordinary turns extraordinary for this suburban couple when an exuberant young pop star unexpectedly moves in wi‚Ä¶ https://t.co/9xaAUSm5nm,39,@CBS
0.8398,Wed May 16 22:56:23 +0000 2018,0.0,0.6,0.4,An outspoken atheist's life takes a surprising turn when he accepts a social media friend request from God! Watch w‚Ä¶ https://t.co/EbVbL0SNDk,40,@CBS
-0.4588,Wed May 16 22:56:23 +0000 2018,0.26,0.577,0.163,"When danger threatens the nation, these elite agents risk their lives to keep it safe. Join them on the case when n‚Ä¶ https://t.co/LuSY0jXBf9",41,@CBS
0.0,Wed May 16 22:56:22 +0000 2018,0.0,1.0,0.0,Meet the new shows coming to CBS this fall!,42,@CBS
0.7777,Wed May 16 21:46:07 +0000 2018,0.0,0.772,0.228,So much TV to love! ‚ù§Ô∏è Be sure to follow the shows of the CBS 2018-2019 primetime lineup and stay up-to-date on the‚Ä¶ https://t.co/lQwGtznj5i,43,@CBS
0.296,Wed May 16 18:05:27 +0000 2018,0.0,0.905,0.095,"Every mission leaves its mark. Join us in the final mission to avenge Echo Team's deaths, tonight at 9/8c during th‚Ä¶ https://t.co/SlfprTVDgD",44,@CBS
0.6369,Wed May 16 13:52:57 +0000 2018,0.0,0.766,0.234,"Get ready for three new comedies, five new dramas and the return of the critically acclaimed @MurphyBrownCBS. Here'‚Ä¶ https://t.co/alHwUTRFKh",45,@CBS
0.46,Wed May 16 13:24:14 +0000 2018,0.0,0.857,0.143,"RT @happytogether: When an international pop star moves into your house, life gets a little more interesting! @wayansjr, @AmberoniStevens a‚Ä¶",46,@CBS
0.8122,Wed May 16 13:23:26 +0000 2018,0.0,0.67,0.33,"RT @TheNeighborhood: You can‚Äôt pick your neighbors, but Calvin sure wishes he could! @CedEntertainer stars in the new comedy #TheNeighborho‚Ä¶",47,@CBS
-0.2057,Tue May 15 20:16:38 +0000 2018,0.109,0.821,0.07,Tonight's the night - Agent Dwayne Pride's fate will be revealed. Don't miss the special two-hour season finale of‚Ä¶ https://t.co/52amkSiNcA,48,@CBS
0.4199,Mon May 14 20:59:11 +0000 2018,0.0,0.859,0.141,"Donuts down, hands up! Get ready for a dramatic turn on the finale of @SuperiorDonuts TONIGHT at 9/8c. üç©https://t.co/f5VSqOlRYu",49,@CBS
0.0,Mon May 14 18:17:23 +0000 2018,0.0,1.0,0.0,"RT @MagnumPICBS: Thomas Magnum is back on the case! @jay_hernandez stars in #MagnumPI, coming to #CBS. https://t.co/R1aURqMawD",50,@CBS
0.4939,Mon May 14 18:16:12 +0000 2018,0.0,0.856,0.144,"RT @GodFriendedMe: You never know who's going to send you a friend request. #GodFriendedMe, the new drama series starring @hall_m_brandon a‚Ä¶",51,@CBS
-0.3612,Mon May 14 18:15:36 +0000 2018,0.122,0.878,0.0,RT @TheRedLineCBS: Three Chicago families‚Äô lives converge in the wake of a mistaken shooting. From acclaimed producers @ava and @GBerlanti‚Ä¶,52,@CBS
0.6476,Mon May 14 18:15:08 +0000 2018,0.082,0.674,0.243,"RT @FamCBS: No family is perfect, especially this #FAM! @ninadobrev, @toneBell and @odessaadlon star in the new #CBS comedy #FAM. https://t‚Ä¶",53,@CBS
0.9081,Mon May 14 18:14:46 +0000 2018,0.0,0.592,0.408,"RT @TheCodeCBS: Their code is honor, courage and commitment. They pursue military justice at home and abroad. #TheCode coming to #CBS. http‚Ä¶",54,@CBS
-0.762,Mon May 14 18:14:22 +0000 2018,0.303,0.586,0.111,RT @FBICBS: Meet the FBI agents who are investigating the most dangerous cases threatening our nation. From Emmy Winner Dick Wolf and the t‚Ä¶,55,@CBS
0.3612,Mon May 14 18:13:58 +0000 2018,0.0,0.8,0.2,RT @MurphyBrownCBS: The ground-breaking comedy returns. #MurphyBrown coming to #CBS. https://t.co/di8GXoVPjh,56,@CBS
-0.34,Mon May 14 14:42:00 +0000 2018,0.264,0.604,0.132,RT @StrangeAngel: Play with fire. üî• #StrangeAngel launches June 14 on #CBSAllAccess. https://t.co/xiFSkVz1vB https://t.co/Aw3kGeHyj4,57,@CBS
0.7351,Sun May 13 13:16:14 +0000 2018,0.0,0.733,0.267,"Happy #MothersDay to the moms who comfort us, understand us, and keep us centered. We ‚ù§Ô∏è you. https://t.co/4YDmZrTGIC",58,@CBS
0.7245,Fri May 11 23:00:40 +0000 2018,0.0,0.748,0.252,The more the merrier! CBS has ordered five more shows that just might become your new favorites next season:‚Ä¶ https://t.co/2g5OSj2xPu,59,@CBS
0.128,Fri May 11 20:55:08 +0000 2018,0.09,0.791,0.119,Thinking about the @BlueBloods_CBS season finale like‚Ä¶ Don‚Äôt miss the surprising reveal TONIGHT at 10/9c. https://t.co/8ExkPFpnFj,60,@CBS
0.7263,Thu May 10 23:11:17 +0000 2018,0.0,0.747,0.253,"Double the @MomCBS, double the fun! Anyone else feel like they hit the jackpot with the back-to-back Season Finale‚Ä¶ https://t.co/ebq8WJLKGf",61,@CBS
-0.0772,Thu May 10 19:24:10 +0000 2018,0.085,0.847,0.069,"2 suitors, 1 Meemaw and 1 Sheldon. You won‚Äôt want to miss the season finale of @YoungSheldon tonight at 8:30/7:30c. https://t.co/Hht2yRE7ly",62,@CBS
0.6588,Thu May 10 18:03:26 +0000 2018,0.0,0.722,0.278,Broadway's Biggest Night is around the corner! Who are you hoping to see? #TonyAwards2018 ‚ú® https://t.co/KLT8QCxWcK,63,@CBS
0.3182,Thu May 10 15:30:40 +0000 2018,0.0,0.905,0.095,"The big day is finally here, and you‚Äôre invited. üë∞ Make sure to tune in to the @bigbangtheory‚Äôs star-studded #ShAmy‚Ä¶ https://t.co/la9E6tvQ5b",64,@CBS
0.8176,Wed May 09 21:35:00 +0000 2018,0.0,0.667,0.333,"Before the #ShAmy wedding tomorrow, the @bigbangtheory stars &amp; special guests play a game of ""yay or nay"" with thes‚Ä¶ https://t.co/ZpCM16qOyT",65,@CBS
0.8395,Wed May 09 19:36:24 +0000 2018,0.0,0.609,0.391,Get ready for more laughs! Learn more about the two new comedies coming to CBS: https://t.co/cpT3fd2RH5 https://t.co/NGrcp803zW,66,@CBS
-0.4599,Tue May 08 22:26:55 +0000 2018,0.2,0.8,0.0,"Goodbyes are never easy.  After 15 seasons, don‚Äôt miss Abby‚Äôs final episode of @NCIS_CBS tonight at 8/7c.  https://t.co/GTGj2YRJA1",67,@CBS
0.4574,Tue May 08 19:55:32 +0000 2018,0.0,0.85,0.15,Will you be watching the @BullCBS Season 2 Finale tonight at 9/8c? RT if your answer is yes! https://t.co/OxnyEDVsKj,68,@CBS
0.6597,Tue May 08 17:18:20 +0000 2018,0.075,0.683,0.242,RT @thegoodfight: Listening to #QueenBaranski read fan tweets is like poetry. üòç Warning: this video will give you ALL the feels. ‚ò∫Ô∏è‚ù§Ô∏è #TheG‚Ä¶,69,@CBS
0.0,Mon May 07 17:50:20 +0000 2018,0.0,1.0,0.0,"RT @KevinCanWaitCBS: Season 2 of #KevinCanWait comes to a close tonight, and @KevinJames and @LeahRemini have A LOT to say about it. https:‚Ä¶",70,@CBS
0.5093,Fri May 04 21:00:00 +0000 2018,0.0,0.87,0.13,Spend your Friday night with this dynamic duo! Tune in to the season finale of @MacGyverCBS at 8/7c on CBS and CBS‚Ä¶ https://t.co/AfWUVo4GSu,71,@CBS
0.6996,Fri May 04 18:42:12 +0000 2018,0.0,0.775,0.225,RT @undercover_cbs: Get ready for the series premiere of #CelebrityBoss in just seven days! How would you react if your favorite celebrity‚Ä¶,72,@CBS
0.5562,Fri May 04 14:48:42 +0000 2018,0.0,0.736,0.264,The force is strong on the set of @bigbangtheory! #MayThe4thBeWithYou https://t.co/uYyXKtuVCM,73,@CBS
0.0,Wed May 02 19:04:01 +0000 2018,0.0,1.0,0.0,RT @thegoodfight: The fight's not over yet. #TheGoodFight is renewed for Season 3. https://t.co/gUrDeA5KQP,74,@CBS
0.0,Tue May 01 23:10:50 +0000 2018,0.0,1.0,0.0,RT @TKOCBS: Both @hwventure and @janemun have been named Executive Producers and showrunners of #TKO: TOTAL KNOCK OUT! Learn more about the‚Ä¶,75,@CBS
0.0,Tue May 01 17:58:51 +0000 2018,0.0,1.0,0.0,"RT @StrangeAngel: Sex. Magick. Rocket Science. #StrangeAngel launches June 14, only on CBS All Access. https://t.co/I3sqWMASxl https://t.co‚Ä¶",76,@CBS
0.8268,Tue May 01 15:16:28 +0000 2018,0.0,0.701,0.299,"Broadway's Biggest Night will honor the best in theatre on Sunday, June 10! Here are the nominees for the‚Ä¶ https://t.co/tCiNaLGIvq",77,@CBS
0.8777,Mon Apr 30 22:54:18 +0000 2018,0.0,0.627,0.373,We congratulate all of our CBS #DaytimeEmmy Award winners! Check out the stars who joined @TheTalkCBS hosts to cele‚Ä¶ https://t.co/JfUFINmYGH,78,@CBS
0.0,Mon Apr 30 13:28:01 +0000 2018,0.0,1.0,0.0,RT @KevinJames: Getting the band back together @AdamSandler @chrisrock @MikeDelguidice1 @KevinCanWaitCBS #KevinCanWait https://t.co/Mo5EWck‚Ä¶,79,@CBS
0.3818,Mon Apr 30 02:22:08 +0000 2018,0.0,0.86,0.14,See all of the stunning fashion looks from the @CBSDaytime stars on the #DaytimeEmmys red carpet:‚Ä¶ https://t.co/iJN1ssGPvZ,80,@CBS
0.8356,Sun Apr 29 15:30:00 +0000 2018,0.0,0.67,0.33,The 45th annual #DaytimeEmmys are here! Congratulations to all of the wonderful @CBSDaytime stars and shows nominat‚Ä¶ https://t.co/xZhDSYnxL6,81,@CBS
0.0,Thu Apr 26 23:40:24 +0000 2018,0.0,1.0,0.0,These stars are going undercover for #CelebrityBoss! Find out more about Celebrity @undercover_cbs premiering May 1‚Ä¶ https://t.co/Deyn76ADT9,82,@CBS
0.75,Wed Apr 25 21:48:49 +0000 2018,0.0,0.687,0.313,"New courage. New hope. New season. 

Season 3 of @CodeBlackCBS premieres TONIGHT at 10/9c on CBS! https://t.co/rR8xUCKlzI",83,@CBS
0.5719,Wed Apr 25 18:09:50 +0000 2018,0.0,0.837,0.163,Celebrate #DNADay by letting your forensic flag fly and revisit some classic episodes of @CSI_CBS on CBS All Access‚Ä¶ https://t.co/YCbHDK2r4b,84,@CBS
0.6239,Wed Apr 25 16:55:33 +0000 2018,0.0,0.779,0.221,"Get ready for big reveals, dramatic conclusions, and huge guest stars! Find out more about the 2017-2018 season fin‚Ä¶ https://t.co/xcBChnjEvH",85,@CBS
0.6696,Mon Apr 23 21:03:22 +0000 2018,0.0,0.776,0.224,Who‚Äôs ready to see these moves? üï∫ Tune in to the @latelateshow‚Äôs Carpool Karaoke Primetime Special TONIGHT at 10/9c! https://t.co/gjrURqXaPN,86,@CBS
0.4019,Sun Apr 22 16:00:03 +0000 2018,0.0,0.863,0.137,"The 53rd #ACMawards turned into one big party when @KeithUrban and @juliamichaels performed their upbeat single ""Co‚Ä¶ https://t.co/Q3Zj3EzuNs",87,@CBS
-0.4019,Fri Apr 20 22:00:01 +0000 2018,0.105,0.895,0.0,A blind date was all it took. Learn more about Meghan Markle and her road to royalty from the people who know her b‚Ä¶ https://t.co/fEAMUblPQ4,88,@CBS
0.0,Fri Apr 20 17:34:37 +0000 2018,0.0,1.0,0.0,RT @carrieunderwood: ICYMI! Watch Carrie‚Äôs performance of #CryPretty from the #ACMawards below! -TeamCU https://t.co/T9I3ko2xFu,89,@CBS
0.0,Thu Apr 19 20:00:00 +0000 2018,0.0,1.0,0.0,There's a new addition to the cast of the upcoming revival of Murphy Brown!  Learn more about Tyne Daly's character‚Ä¶ https://t.co/ijSXSLyDaR,90,@CBS
0.4877,Thu Apr 19 19:00:02 +0000 2018,0.0,0.826,0.174,"Country superstar @LukeBryanOnline delivers his moving anthem ""Most People Are Good"" at the 53rd #ACMawards:‚Ä¶ https://t.co/GhhAsEDqmq",91,@CBS
0.4939,Thu Apr 19 17:08:44 +0000 2018,0.0,0.868,0.132,"Coming to CBS All Access June 14, #StrangeAngel is inspired by the real life story of Jack Parsons and explores the‚Ä¶ https://t.co/IsPrXRNXye",92,@CBS
0.4199,Wed Apr 18 21:00:01 +0000 2018,0.0,0.872,0.128,When you realize there are TWO episodes of @CrimMinds_CBS tonight! üëè Who‚Äôs ready for the double-episode season fina‚Ä¶ https://t.co/CWVAHHeIGr,93,@CBS
0.8539,Wed Apr 18 18:57:45 +0000 2018,0.0,0.645,0.355,Giving you even more reasons to celebrate! üéâ See which CBS series are back for another year: https://t.co/O2LI0eJXTA https://t.co/H436kL1jSK,94,@CBS
0.5994,Wed Apr 18 17:00:03 +0000 2018,0.0,0.804,0.196,"Watch country star @blakeshelton belt out his beautiful ballad ""I Lived It"" at the 53rd #AMCawards:‚Ä¶ https://t.co/w0WRmpQ6fk",95,@CBS
0.2284,Wed Apr 18 15:14:39 +0000 2018,0.122,0.718,0.16,RT @joshgroban: I AM SO HAPPY I COULD CRY BUT ITS MIDNIGHT IN JAPAN SO I WILL SLEEP BUT ‚ÄºÔ∏è‚ÄºÔ∏è‚ÄºÔ∏è‚ÄºÔ∏èüë´üèÜüé≠üò≠üîú #TonyAwards2018 https://t.co/NLss47K6‚Ä¶,96,@CBS
0.0,Wed Apr 18 15:10:34 +0000 2018,0.0,1.0,0.0,Broadway stars @SaraBareilles and @joshgroban will host @TheTonyAwards on June 10! Hear how these multi-talented ar‚Ä¶ https://t.co/jy52FKd7t0,97,@CBS
0.0,Tue Apr 17 00:26:33 +0000 2018,0.0,1.0,0.0,Can you believe it‚Äôs been 11 years since @taylorswift13‚Äôs first-ever performance at the #ACMawards?! Look back at t‚Ä¶ https://t.co/QHSPuJLLFb,98,@CBS
0.0,Mon Apr 16 23:00:02 +0000 2018,0.0,1.0,0.0,Waiting for the @ScorpionCBS season finale to start like‚Ä¶ Tune in at 10/9c! https://t.co/peoDXtO707,99,@CBS
0.765,Sun Jun 10 23:00:08 +0000 2018,0.145,0.526,0.329,The race to save the Great Barrier Reef? A coral fertility treatment designed to help damaged parts of the reef is‚Ä¶ https://t.co/8OvtBv9SMl,0,@CNN
-0.1531,Sun Jun 10 22:50:46 +0000 2018,0.11,0.81,0.081,Canadian Foreign Minister Chrystia Freeland on the growing trade tension between the US and Canada: ‚ÄúCanada does no‚Ä¶ https://t.co/8vbMRyf0Rw,1,@CNN
0.0,Sun Jun 10 22:40:04 +0000 2018,0.0,1.0,0.0,"Sen. John McCain to US allies: ""Americans stand with you, even if our president doesn't."" https://t.co/CWWsv75iXQ https://t.co/z9RSSHERL7",2,@CNN
0.4588,Sun Jun 10 22:30:04 +0000 2018,0.083,0.694,0.222,"President Trump, leave the hugs at home | @sam_vinograd for @CNNopinion https://t.co/jFU5icNhTm https://t.co/ypKRQPfKkN",3,@CNN
-0.2732,Sun Jun 10 22:20:07 +0000 2018,0.11,0.89,0.0,A federal court temporarily blocked a pizza delivery man's deportation one week after he was turned over to immigra‚Ä¶ https://t.co/ITYaqEAg8w,4,@CNN
0.3612,Sun Jun 10 22:20:00 +0000 2018,0.0,0.878,0.122,"Will we ever fly like the Jetsons? This company just unveiled its first commercial flying car, Flyer ‚Äî and‚Ä¶ https://t.co/96Tdxq4tEL",5,@CNN
0.0,Sun Jun 10 22:10:05 +0000 2018,0.0,1.0,0.0,First lady Melania Trump is going to a gala at Ford's Theatre on Sunday evening. Trump will attend the annual gala‚Ä¶ https://t.co/d8mayLLgO0,6,@CNN
-0.25,Sun Jun 10 22:00:09 +0000 2018,0.08,0.92,0.0,"""Beneath the light that Spade and Bourdain spread, darkness crept in. And for so many of us it laps at the edges, s‚Ä¶ https://t.co/VSmLh7Tymh",7,@CNN
0.0,Sun Jun 10 21:50:00 +0000 2018,0.0,1.0,0.0,3D-printed concrete houses are coming to the Netherlands https://t.co/zHfPYSiT6X https://t.co/L5OHVGCCBM,8,@CNN
-0.3818,Sun Jun 10 21:40:05 +0000 2018,0.206,0.794,0.0,France and Germany slam President Trump's G7 statement U-turn https://t.co/Yi58d4A16k https://t.co/eEMF9QnaBh,9,@CNN
0.0,Sun Jun 10 21:30:00 +0000 2018,0.0,1.0,0.0,Sacramento is the first US city to roll out a pilot program testing digital license plates that can display message‚Ä¶ https://t.co/JK1SHEuLnZ,10,@CNN
-0.4404,Sun Jun 10 21:20:10 +0000 2018,0.197,0.687,0.116,"White House trade adviser Peter Navarro: ""There's a special place in hell"" for Canadian Prime Minister Justin Trude‚Ä¶ https://t.co/PHHspdVuIo",11,@CNN
0.0,Sun Jun 10 21:10:08 +0000 2018,0.0,1.0,0.0,Trump's improvisation faces decades of North Korean preparation | Analysis by @StCollinson https://t.co/gMF9mfP3pS https://t.co/kuYoYb23mp,12,@CNN
-0.802,Sun Jun 10 21:00:07 +0000 2018,0.286,0.714,0.0,"An immigrant detained for illegally attempting to enter the US killed himself in a Texas jail cell last month, acco‚Ä¶ https://t.co/1lkggPYUQJ",13,@CNN
-0.4404,Sun Jun 10 20:52:22 +0000 2018,0.161,0.749,0.09,"Actor Jackson Odell of TV's 'Goldbergs' found dead at age 20. Odell played Ari Caldwell on the TV sitcom ""The Goldb‚Ä¶ https://t.co/vfMcR3EFUI",14,@CNN
-0.3818,Sun Jun 10 20:40:38 +0000 2018,0.14,0.794,0.065,South Carolina Democratic congressional candidate who admitted to abusing his ex-wife 45 years ago says he is stayi‚Ä¶ https://t.co/IXAqPCX4iV,15,@CNN
-0.5859,Sun Jun 10 20:26:38 +0000 2018,0.167,0.833,0.0,This high school valedictorian says she tried to speak about sexual assault during her graduation speech and her mi‚Ä¶ https://t.co/av2hSxOUxS,16,@CNN
-0.4939,Sun Jun 10 20:10:05 +0000 2018,0.138,0.862,0.0,"Anthony Bourdain had an outsized impact on the life of Jason Rezaian, the journalist jailed by Iran shortly after f‚Ä¶ https://t.co/voie7OPXSB",17,@CNN
-0.34,Sun Jun 10 20:00:06 +0000 2018,0.146,0.854,0.0,Fire breaks out at Baghdad warehouse storing ballot boxes for Iraq's election recount https://t.co/65leVLxcvz https://t.co/JGiVWgPnsi,18,@CNN
-0.1531,Sun Jun 10 19:50:09 +0000 2018,0.11,0.81,0.081,Canadian Foreign Minister Chrystia Freeland on the growing trade tension between the US and Canada: ‚ÄúCanada does no‚Ä¶ https://t.co/9DpsSIPLFh,19,@CNN
0.0,Sun Jun 10 19:39:01 +0000 2018,0.0,1.0,0.0,The end of net neutrality is here https://t.co/PjVzF4mXuw https://t.co/e8QznAvYRv,20,@CNN
0.8225,Sun Jun 10 19:22:40 +0000 2018,0.0,0.664,0.336,White House senior advisers Ivanka Trump and Jared Kushner celebrated with Stanley Cup champion Washington Capitals‚Ä¶ https://t.co/4LKAhbc9u9,21,@CNN
-0.7906,Sun Jun 10 19:10:04 +0000 2018,0.318,0.682,0.0,"A house explosion in a suburban neighborhood of Cleveland left one person dead and another critically injured, Clev‚Ä¶ https://t.co/eA4bsr7jpb",22,@CNN
0.0,Sun Jun 10 19:00:19 +0000 2018,0.0,1.0,0.0,"Anthony Bourdain was a master ‚Äî with food, and with language. This is the story of his life in his own words.‚Ä¶ https://t.co/UNUKzwIPfg",23,@CNN
0.0,Sun Jun 10 18:54:15 +0000 2018,0.0,1.0,0.0,"Sen. John McCain to US allies: ""Americans stand with you, even if our president doesn't."" https://t.co/A8ekLqjmeB https://t.co/TFBXwcwwd1",24,@CNN
0.5859,Sun Jun 10 18:40:00 +0000 2018,0.074,0.703,0.223,"Tyler Soloman wiped tears of joy off his face after his father, who'd been deployed overseas, surprised Tyler by sh‚Ä¶ https://t.co/nt4GZZ6DhF",25,@CNN
0.3612,Sun Jun 10 18:30:07 +0000 2018,0.0,0.828,0.172,"Hey Corporate America, get ready for cybersecurity regulation in the US https://t.co/fb6YdWnybK https://t.co/56rK3SjAXy",26,@CNN
0.0,Sun Jun 10 18:20:06 +0000 2018,0.0,1.0,0.0,"From real estate to diplomacy, Trump chases the ultimate deal in Singapore https://t.co/D5908EhGba https://t.co/Qx5PmQHbSz",27,@CNN
-0.7128,Sun Jun 10 18:10:08 +0000 2018,0.284,0.716,0.0,Florida revoked almost 300 concealed weapons permits after discovering that a state employee failed to review crimi‚Ä¶ https://t.co/KrSqDZcxqs,28,@CNN
-0.802,Sun Jun 10 18:00:04 +0000 2018,0.286,0.714,0.0,"An immigrant detained for illegally attempting to enter the US killed himself in a Texas jail cell last month, acco‚Ä¶ https://t.co/ND0rwMzsqY",29,@CNN
0.0,Sun Jun 10 17:50:07 +0000 2018,0.0,1.0,0.0,"Pre-cut melon sold at Walmart and Kroger stores in Illinois, Indiana, Michigan, Missouri and Ohio has caused 60 peo‚Ä¶ https://t.co/NwfvaVBy0U",30,@CNN
0.34,Sun Jun 10 17:40:00 +0000 2018,0.0,0.893,0.107,Watch Kim Jong Un's security guards run alongside his car as he arrives in Singapore ahead of historic summit with‚Ä¶ https://t.co/osY7MZ8JZA,31,@CNN
-0.4588,Sun Jun 10 17:30:00 +0000 2018,0.143,0.857,0.0,"Organizers of a fashion show in Saudi Arabia used drones to display female clothes, drawing ridicule on social medi‚Ä¶ https://t.co/tqw3q08q12",32,@CNN
0.765,Sun Jun 10 17:20:06 +0000 2018,0.145,0.526,0.329,The race to save the Great Barrier Reef? A coral fertility treatment designed to help damaged parts of the reef is‚Ä¶ https://t.co/XVzsbGIgPC,33,@CNN
0.0,Sun Jun 10 17:09:04 +0000 2018,0.0,1.0,0.0,A Sikh soldier wore a turban in Queen Elizabeth ll's official birthday parade https://t.co/w1hbHqfcEj https://t.co/EovT94UY7B,34,@CNN
0.0,Sun Jun 10 16:56:00 +0000 2018,0.0,1.0,0.0,"Folk singer Joni Mitchell wrote the song ""River"" while sitting by the South Saskatoon River in Canada. Now, a walkw‚Ä¶ https://t.co/PtaDbdTYUl",35,@CNN
-0.296,Sun Jun 10 16:44:57 +0000 2018,0.121,0.879,0.0,Canadian Prime Minister Justin Trudeau says he will impose retaliatory measures to answer President Trump's tariffs‚Ä¶ https://t.co/m3UpWnilJp,36,@CNN
-0.4404,Sun Jun 10 16:33:34 +0000 2018,0.197,0.687,0.116,"White House trade adviser Peter Navarro: ""There's a special place in hell"" for Canadian Prime Minister Justin Trude‚Ä¶ https://t.co/2NlHi4tC5l",37,@CNN
0.0,Sun Jun 10 16:18:59 +0000 2018,0.0,1.0,0.0,KFC says it will break with its meat-loving tradition and begin testing a vegetarian alternative to chicken later t‚Ä¶ https://t.co/JXvT6eUx2J,38,@CNN
0.6908,Sun Jun 10 16:00:29 +0000 2018,0.0,0.737,0.263,JUST IN: Rafael Nadal beats Dominic Thiem in straight sets to win a record-extending 11th French Open title‚Ä¶ https://t.co/00NQDyIeMc,39,@CNN
-0.6486,Sun Jun 10 15:50:04 +0000 2018,0.218,0.782,0.0,News of Anthony Bourdain‚Äôs death shook people around the world. We asked for your stories of how this gifted storyt‚Ä¶ https://t.co/sMXcA7cVCW,40,@CNN
-0.4767,Sun Jun 10 15:38:01 +0000 2018,0.154,0.846,0.0,Syracuse University has suspended 15 members of a professional fraternity after they appeared in videos that the sc‚Ä¶ https://t.co/dUoligPjIj,41,@CNN
0.0,Sun Jun 10 15:25:07 +0000 2018,0.0,1.0,0.0,"Sen. John McCain to US allies: ""Americans stand with you, even if our president doesn't."" https://t.co/vPaQ0tzfiO https://t.co/p1mjjTivxB",42,@CNN
0.8225,Sun Jun 10 15:15:07 +0000 2018,0.0,0.664,0.336,White House senior advisers Ivanka Trump and Jared Kushner celebrated with Stanley Cup champion Washington Capitals‚Ä¶ https://t.co/CnWQ31LlFG,43,@CNN
-0.34,Sun Jun 10 15:05:00 +0000 2018,0.138,0.862,0.0,President Trump‚Äôs chief economic adviser Larry Kudlow accuses Canadian Prime Minister Justin Trudeau of undermining‚Ä¶ https://t.co/mrZ3ZddLMO,44,@CNN
0.0,Sun Jun 10 14:55:05 +0000 2018,0.0,1.0,0.0,The end of net neutrality is here https://t.co/hDo3xfC6vN https://t.co/iRtK5c00aI,45,@CNN
0.0,Sun Jun 10 14:44:05 +0000 2018,0.0,1.0,0.0,"North Korean leader Kim Jong Un met with Singapore Prime Minister Lee Hsien Loong on Sunday, hours after arriving i‚Ä¶ https://t.co/WNXahsGrpD",46,@CNN
-0.5859,Sun Jun 10 14:33:50 +0000 2018,0.167,0.833,0.0,This high school valedictorian says she tried to speak about sexual assault during her graduation speech and her mi‚Ä¶ https://t.co/cvx2cKYVRq,47,@CNN
0.3612,Sun Jun 10 14:15:55 +0000 2018,0.0,0.828,0.172,"Hey Corporate America, get ready for cybersecurity regulation in the US https://t.co/MMQDZvwGhw https://t.co/mFPAptq03m",48,@CNN
0.34,Sun Jun 10 14:01:03 +0000 2018,0.0,0.888,0.112,Former President Obama says he‚Äôll always remember the meal he shared with Anthony Bourdain in Vietnam: ‚ÄúHe taught u‚Ä¶ https://t.co/3Ma0ZFOVVs,49,@CNN
0.34,Sun Jun 10 13:41:58 +0000 2018,0.0,0.893,0.107,Watch Kim Jong Un's security guards run alongside his car as he arrives in Singapore ahead of historic summit with‚Ä¶ https://t.co/dufvANURtr,50,@CNN
0.0,Sun Jun 10 13:31:10 +0000 2018,0.0,1.0,0.0,"What is a tariff? Your trade questions, answered https://t.co/qXKL4qiikD https://t.co/MotA1QNS2v",51,@CNN
0.0,Sun Jun 10 13:30:46 +0000 2018,0.0,1.0,0.0,Democratic Sen. Dianne Feinstein says President Trump not signing the G7 communique was a ‚Äúbig mistake‚Äù #CNNSOTU‚Ä¶ https://t.co/CAtVepU6jg,52,@CNN
0.4927,Sun Jun 10 13:26:44 +0000 2018,0.0,0.862,0.138,"President Donald Trump says he feels ""very good"" about the summit with Kim Jong Un as he arrives in Singapore https://t.co/OY6CipasWJ",53,@CNN
-0.4939,Sun Jun 10 13:18:03 +0000 2018,0.138,0.862,0.0,"Canadian PM Justin Trudeau ""went rogue"" at the G7 summit and is ""pouring collateral damage on this whole Korean tri‚Ä¶ https://t.co/Ys4KpgFnI3",54,@CNN
0.0,Sun Jun 10 13:16:00 +0000 2018,0.0,1.0,0.0,"From delivery to aviation, Dubai is at the forefront of drone experimentation. Here's a look at what the future hol‚Ä¶ https://t.co/2mG3OLPJPG",55,@CNN
0.0,Sun Jun 10 13:08:52 +0000 2018,0.0,1.0,0.0,White House economic adviser Larry Kudlow says Canadian Prime Minister Justin Trudeau ‚Äústabbed us in the back‚Äù‚Ä¶ https://t.co/Las5KW0YGY,56,@CNN
0.6124,Sun Jun 10 12:46:02 +0000 2018,0.0,0.762,0.238,"Does a pharmacy have an obligation to help a patient be sure that insurance will cover a prescription?

That's the‚Ä¶ https://t.co/ZcbAINLhDE",57,@CNN
0.0,Sun Jun 10 12:37:12 +0000 2018,0.0,1.0,0.0,JUST IN: President Trump arrives in Singapore for historic summit with North Korean leader Kim Jong Un‚Ä¶ https://t.co/WH6tNWZRx9,58,@CNN
0.5859,Sun Jun 10 12:16:00 +0000 2018,0.074,0.703,0.223,"Tyler Soloman wiped tears of joy off his face after his father, who'd been deployed overseas, surprised Tyler by sh‚Ä¶ https://t.co/uu1GCd43hB",59,@CNN
0.4576,Sun Jun 10 12:01:02 +0000 2018,0.0,0.786,0.214,Mars is suddenly more interesting | By Jonathan Lunine via @CNNOpinion https://t.co/RKk5SBAgSH https://t.co/pfpeRSyk82,60,@CNN
-0.5994,Sun Jun 10 11:53:06 +0000 2018,0.151,0.849,0.0,Construction workers in the UK have found wads of cash dating back to World War II at a shop that once belonged to‚Ä¶ https://t.co/ciznrZCLGm,61,@CNN
0.0,Sun Jun 10 11:46:00 +0000 2018,0.0,1.0,0.0,"During her commencement address to the MIT Class of 2018, Facebook COO Sheryl Sandberg spoke candidly about Faceboo‚Ä¶ https://t.co/EPRV4DaCEk",62,@CNN
-0.296,Sun Jun 10 11:31:05 +0000 2018,0.176,0.824,0.0,"Charles Krauthammer, the famed conservative columnist, informed readers that he is confronting an aggressive form o‚Ä¶ https://t.co/nFc7tjK101",63,@CNN
0.6369,Sun Jun 10 11:16:00 +0000 2018,0.0,0.794,0.206,Egypt is building The Grand Egyptian Museum. The cost? More than $1 billion. It will re-house and restore some of t‚Ä¶ https://t.co/00CCIMYlAQ,64,@CNN
0.765,Sun Jun 10 11:01:08 +0000 2018,0.145,0.526,0.329,The race to save the Great Barrier Reef? A coral fertility treatment designed to help damaged parts of the reef is‚Ä¶ https://t.co/STRLBAi7cV,65,@CNN
-0.4588,Sun Jun 10 10:31:59 +0000 2018,0.143,0.857,0.0,"Organizers of a fashion show in Saudi Arabia used drones to display female clothes, drawing ridicule on social medi‚Ä¶ https://t.co/yhxWDU5lks",66,@CNN
0.0,Sun Jun 10 10:16:00 +0000 2018,0.0,1.0,0.0,"Steamboat Geyser in Yellowstone National Park is erupting unusually often. One June 4, the geyser had its eighth er‚Ä¶ https://t.co/kqAllfApr1",67,@CNN
0.0,Sun Jun 10 10:01:07 +0000 2018,0.0,1.0,0.0,Are windowless planes the future of travel? https://t.co/309oGojLlT https://t.co/G0FAEJXmkq,68,@CNN
0.0,Sun Jun 10 09:31:06 +0000 2018,0.0,1.0,0.0,"Hurricanes and tropical storms are moving more slowly around the planet, resulting in higher rainfall and more extr‚Ä¶ https://t.co/gHS6S0ycFZ",69,@CNN
0.2263,Sun Jun 10 09:16:00 +0000 2018,0.0,0.899,0.101,This US Army soldier traveled from Iraq for his daughter‚Äôs graduation and surprised her at the rehearsal‚Ä¶ https://t.co/GOe87wthpz,70,@CNN
0.0,Sun Jun 10 09:01:24 +0000 2018,0.0,1.0,0.0,"Penguins, Seals, and Krill: Antarctica's fragile food chain | via @CNNVR https://t.co/JTxpUUYVq1 https://t.co/UMLgafimF9",71,@CNN
0.0,Sun Jun 10 08:31:10 +0000 2018,0.0,1.0,0.0,Anthony Bourdain's life in pictures https://t.co/2Ec83ReGZE https://t.co/VNGuW83sWT,72,@CNN
0.7351,Sun Jun 10 08:16:00 +0000 2018,0.0,0.677,0.323,This delivery man is being praised for taking a welcome mat's quirky instructions literally https://t.co/JTIKQxRdUs https://t.co/5VohHGujo1,73,@CNN
0.0,Sun Jun 10 08:01:05 +0000 2018,0.0,1.0,0.0,President Trump is dressed as a king on the new Time magazine cover https://t.co/0D9yDt4gjg https://t.co/rz9s7jbhMg,74,@CNN
0.2732,Sun Jun 10 07:46:00 +0000 2018,0.0,0.9,0.1,"First responders in Russellville, Arkansas, went above and beyond the call of duty to surprise a teen with autism a‚Ä¶ https://t.co/SZIdViAUZz",75,@CNN
0.0,Sun Jun 10 07:45:41 +0000 2018,0.0,1.0,0.0,North Korean leader Kim Jong Un arrives in Singapore ahead of historic summit with President Trump https://t.co/vTxTrMqOA3,76,@CNN
0.0,Sun Jun 10 07:16:00 +0000 2018,0.0,1.0,0.0,This surveillance camera footage from last weekend shows a tiny asteroid that NASA says disintegrated over southern‚Ä¶ https://t.co/0jpvL9E1pi,77,@CNN
0.0,Sun Jun 10 06:46:00 +0000 2018,0.0,1.0,0.0,Watch these homes being built using a 3D printer https://t.co/igaBP4BFwG https://t.co/OENJ2gjPMO,78,@CNN
0.0,Sun Jun 10 06:31:03 +0000 2018,0.0,1.0,0.0,KFC says it will break with its meat-loving tradition and begin testing a vegetarian alternative to chicken later t‚Ä¶ https://t.co/yC1M6C0AcC,79,@CNN
0.3612,Sun Jun 10 06:16:00 +0000 2018,0.0,0.878,0.122,"Will we ever fly like the Jetsons? This company just unveiled its first commercial flying car, Flyer ‚Äî and‚Ä¶ https://t.co/zt61wtMtIJ",80,@CNN
0.0258,Sun Jun 10 06:01:07 +0000 2018,0.0,0.942,0.058,Organic matter has been found on Mars in soil samples the Curiosity rover took from 3 billion-year-old mudstone in‚Ä¶ https://t.co/pW8qsukDC7,81,@CNN
0.8519,Sun Jun 10 05:46:00 +0000 2018,0.0,0.646,0.354,Ever felt like your vacation would make a good blockbuster movie? This tour company aims to capture your travel exp‚Ä¶ https://t.co/1KCsSubDji,82,@CNN
-0.3597,Sun Jun 10 05:31:08 +0000 2018,0.146,0.773,0.082,"Venezuela ranks as the most dangerous country in the world for the second straight year, according to a new Gallup‚Ä¶ https://t.co/lCw9dMhSmL",83,@CNN
0.4939,Sun Jun 10 05:16:00 +0000 2018,0.0,0.856,0.144,IHOP says it's changing name to IHOb. Many major companies also have rebranded ‚Äî some successfully and some not so‚Ä¶ https://t.co/0J9zyNqpDw,84,@CNN
0.0,Sun Jun 10 05:01:03 +0000 2018,0.0,1.0,0.0,Time cover gets Trump just right | By Michael D'Antonio via @CNNOpinion https://t.co/LImdABhqD6 https://t.co/c5TdPAmDT0,85,@CNN
0.4215,Sun Jun 10 04:46:00 +0000 2018,0.0,0.781,0.219,BlackBerry still hopes its keyboard keeps fans coming back https://t.co/AodQi1UcNt https://t.co/kMHKkUk9Ar,86,@CNN
0.5719,Sun Jun 10 04:31:46 +0000 2018,0.0,0.821,0.179,A new television ad showing a gubernatorial candidate kissing his husband is the first political spot in US history‚Ä¶ https://t.co/oFAb0OQz6O,87,@CNN
0.5859,Sun Jun 10 04:16:00 +0000 2018,0.0,0.847,0.153,"One step on the island of Bermuda, and it's impossible not to be moved by its beauty, history, simplicity and charm‚Ä¶ https://t.co/OETLElsBV8",88,@CNN
0.0,Sun Jun 10 04:01:04 +0000 2018,0.0,1.0,0.0,This is the poem a kindergarten teacher hung up so her students know what to do in a school shooting‚Ä¶ https://t.co/dw4JPKapFh,89,@CNN
-0.7506,Sun Jun 10 03:30:06 +0000 2018,0.33,0.67,0.0,The Trump administration's latest attack on Obamacare would gut protections for the sick https://t.co/4SScNIDSDP https://t.co/SmCnIP4Wwj,90,@CNN
0.0,Sun Jun 10 03:00:10 +0000 2018,0.0,1.0,0.0,"The week began with news of Trump canceling the Philadelphia Eagles' visit to the White House, and ended with news‚Ä¶ https://t.co/RnTSl1biuW",91,@CNN
0.6486,Sun Jun 10 02:30:06 +0000 2018,0.0,0.762,0.238,"President Trump says his relationships with other Western leaders are perfect, but the truth is the transatlantic a‚Ä¶ https://t.co/SRmvcifksG",92,@CNN
0.539,Sun Jun 10 02:00:55 +0000 2018,0.0,0.852,0.148,President Trump on the upcoming North Korea meeting: ‚ÄúI really feel confident. I feel that Kim Jong Un wants to do‚Ä¶ https://t.co/LYZrSETumR,93,@CNN
0.0,Sun Jun 10 01:39:24 +0000 2018,0.0,1.0,0.0,"RT @cnnbrk: After Trump reversed his position on a G7 statement, Sen. McCain said to US allies: ""Americans stand with you, even if our Pres‚Ä¶",94,@CNN
-0.6486,Sun Jun 10 01:30:15 +0000 2018,0.218,0.782,0.0,News of Anthony Bourdain‚Äôs death shook people around the world. We asked for your stories of how this gifted storyt‚Ä¶ https://t.co/FBT6PiNiuT,95,@CNN
0.5859,Sun Jun 10 01:00:00 +0000 2018,0.0,0.847,0.153,"One step on the island of Bermuda, and it's impossible not to be moved by its beauty, history, simplicity and charm‚Ä¶ https://t.co/EFfFTW85e1",96,@CNN
0.0,Sun Jun 10 00:30:08 +0000 2018,0.0,1.0,0.0,"As the millions of US children diagnosed with ADHD move into adulthood, more and more are wondering whether to cont‚Ä¶ https://t.co/KyyWswuJUN",97,@CNN
-0.6901,Sun Jun 10 00:03:12 +0000 2018,0.262,0.738,0.0,"President Trump calls Canadian Prime Minister Justin Trudeau ""very dishonest and weak,"" accusing him of making ""fal‚Ä¶ https://t.co/fj0JucTrXy",98,@CNN
0.6124,Sun Jun 10 00:00:04 +0000 2018,0.0,0.762,0.238,"Does a pharmacy have an obligation to help a patient be sure that insurance will cover a prescription?

That's the‚Ä¶ https://t.co/luJqdfSzRj",99,@CNN
0.0,Sun Jun 10 23:01:43 +0000 2018,0.0,1.0,0.0,North Korean state media remains quiet about the summit until after Kim's arrival in Singapore. #TrumpKimSummit https://t.co/kTkKp1ludT,0,@FoxNews
0.4939,Sun Jun 10 22:55:00 +0000 2018,0.0,0.775,0.225,"On @foxandfriends, @Nigel_Farage praised President @realDonaldTrump's actions on the world stage.‚Ä¶ https://t.co/MffQLA6qxM",1,@FoxNews
0.0,Sun Jun 10 22:45:00 +0000 2018,0.0,1.0,0.0,"Alice Marie Johnson: ""We must as a nation get behind families again... The family is the core."" https://t.co/hRGNR4xrHY",2,@FoxNews
0.0,Sun Jun 10 22:35:00 +0000 2018,0.0,1.0,0.0,".@henrymcmaster: ""I'm the only one that has a record."" https://t.co/MizX2bSkIH",3,@FoxNews
0.4404,Sun Jun 10 22:30:00 +0000 2018,0.0,0.847,0.153,".@stephenharper: ""I can understand why @POTUS, why the American people, feel they need better trade relationships."" https://t.co/R1wWc8qvfc",4,@FoxNews
0.0,Sun Jun 10 22:26:00 +0000 2018,0.0,1.0,0.0,".@RepGoodlatte: ""I think we'll have [an immigration] bill out of the House very soon."" https://t.co/1UgdDAZ1C0",5,@FoxNews
0.0,Sun Jun 10 22:16:00 +0000 2018,0.0,1.0,0.0,".@stephenharper: ""President Bush, President Obama - I watched them try to make a strategic partner of Vladimir Puti‚Ä¶ https://t.co/F6veaTNsQ5",6,@FoxNews
-0.5994,Sun Jun 10 22:10:37 +0000 2018,0.302,0.698,0.0,War of words between Trump and Trudeau; @johnrobertsFox reports. https://t.co/3H47alnr2I,7,@FoxNews
0.0,Sun Jun 10 22:05:00 +0000 2018,0.0,1.0,0.0,"On Twitter, @SenJohnMcCain sent a message to the nation's allies: ""Americans stand with you, even if our president‚Ä¶ https://t.co/SyMQGzmjNr",8,@FoxNews
-0.6124,Sun Jun 10 22:00:00 +0000 2018,0.174,0.826,0.0,".@LindseyGrahamSC: ""President Trump, if he has to, will use military force to end this threat to the American homel‚Ä¶ https://t.co/Q6GbfLrWoY",9,@FoxNews
0.4939,Sun Jun 10 21:48:00 +0000 2018,0.0,0.769,0.231,Spicer: There Isn't 'a Bar High Enough' Trump Can Reach for Media's Approval of Summit https://t.co/JLycZ0g5ZL,10,@FoxNews
-0.7269,Sun Jun 10 21:48:00 +0000 2018,0.404,0.596,0.0,.@JudgeJeanine Rips Liberals for Trump Criticism: They're 'Un-American Haters' https://t.co/HgPrGPZuyG https://t.co/3YafSGX8lR,11,@FoxNews
-0.2551,Sun Jun 10 21:40:00 +0000 2018,0.135,0.865,0.0,".@Nigel_Farage: ""European leaders and European media are just a little bit confused right now."" https://t.co/AcSkPGewzr",12,@FoxNews
0.34,Sun Jun 10 21:38:00 +0000 2018,0.0,0.789,0.211,President @realDonaldTrump endorses @henrymcmaster for governor of South Carolina. https://t.co/nZ22Ds2OBj,13,@FoxNews
-0.4215,Sun Jun 10 21:37:40 +0000 2018,0.123,0.877,0.0,"RT @EricShawnTV: It's not just North Korea's nukes, ballistic missiles, WMD and threats. @VP Mike Pence says @POTUS @realDonaldTrump is thi‚Ä¶",14,@FoxNews
0.0,Sun Jun 10 21:33:00 +0000 2018,0.0,1.0,0.0,"Joe Lieberman: ""I don't expect a big breakthrough today."" https://t.co/0We4uzBI3P",15,@FoxNews
0.0,Sun Jun 10 21:29:00 +0000 2018,0.0,1.0,0.0,"Beginning Monday, ‚ÄòAmerica‚Äôs Newsroom‚Äô with @BillHemmer and @SandraSmithFox is three hours. Tune in to Fox News Cha‚Ä¶ https://t.co/vn9uqsICXH",16,@FoxNews
-0.6705,Sun Jun 10 21:20:00 +0000 2018,0.258,0.645,0.097,"There is a ""special place in hell"" for Canadian PM @JustinTrudeau because of his decision to slam the U.S. in a pos‚Ä¶ https://t.co/aBjD2avl2u",17,@FoxNews
0.0,Sun Jun 10 21:11:00 +0000 2018,0.0,1.0,0.0,Dem Strategist @ncolier Slams President @realDonaldTrump's 'Behavior' in Office https://t.co/AWmP7GCULo https://t.co/Felzu2nBAt,18,@FoxNews
0.0,Sun Jun 10 21:00:01 +0000 2018,0.0,1.0,0.0,TONIGHT: @BretBaier is live in Singapore ahead of President @realDonaldTrump‚Äôs historic summit with North Korean le‚Ä¶ https://t.co/Nh1An7EoY3,19,@FoxNews
0.2263,Sun Jun 10 20:50:33 +0000 2018,0.099,0.745,0.155,'Like a Rhino': Author on Trump's Negotiating Says He'll Be Aggressive in NoKo Summit https://t.co/fEtyYPnfve,20,@FoxNews
0.0,Sun Jun 10 20:45:00 +0000 2018,0.0,1.0,0.0,Sculpted head of mystery biblical king found in Israel https://t.co/Jn88nzTHzj,21,@FoxNews
0.4678,Sun Jun 10 20:43:00 +0000 2018,0.0,0.824,0.176,".@RealDeanCain on @POTUS' first 500 days in office: ""I think it's been pretty darn good, but you wouldn't know that‚Ä¶ https://t.co/1ljTjhRwYY",22,@FoxNews
-0.6486,Sun Jun 10 20:41:39 +0000 2018,0.281,0.719,0.0,'The Goldbergs' and 'Modern Family' actor Jackson Odell dead at 20 https://t.co/X3Zjybk2nF,23,@FoxNews
0.5267,Sun Jun 10 20:30:00 +0000 2018,0.0,0.833,0.167,SNACK TIME: One hungry squirrel didn't mind having an audience while enjoying an avocado in a Manhattan flowerbed. https://t.co/tdKK9agC6V,24,@FoxNews
0.0,Sun Jun 10 20:27:02 +0000 2018,0.0,1.0,0.0,MONDAY: @seanhannity is live in Singapore as President @realDonaldTrump‚Äôs historic summit with North Korean leader‚Ä¶ https://t.co/8lR04cNK6G,25,@FoxNews
0.0,Sun Jun 10 20:24:55 +0000 2018,0.0,1.0,0.0,.@eucopresident Donald Tusk on Canadian PM Justin Trudeau. https://t.co/LRBdaB6AXM,26,@FoxNews
-0.296,Sun Jun 10 20:15:00 +0000 2018,0.115,0.885,0.0,"At a press briefing yesterday, President @realDonaldTrump said that the U.S. would no longer be a piggy bank robbed‚Ä¶ https://t.co/4xLGkNjioT",27,@FoxNews
-0.4767,Sun Jun 10 20:03:02 +0000 2018,0.154,0.846,0.0,The Manhattan Beach Police Department has released Vince Vaughn's mugshot after the actor was arrested early Sunday‚Ä¶ https://t.co/2vyNhqBce7,28,@FoxNews
0.6249,Sun Jun 10 20:00:01 +0000 2018,0.073,0.688,0.239,".@marykissel: ""A success in Singapore would be to get the [Kim] regime to commit to complete, irreversible and veri‚Ä¶ https://t.co/nwKaTi5Ru5",29,@FoxNews
0.0,Sun Jun 10 19:55:00 +0000 2018,0.0,1.0,0.0,U.S. markets so far this year. https://t.co/fCBGjMuLwc,30,@FoxNews
-0.4404,Sun Jun 10 19:46:35 +0000 2018,0.326,0.674,0.0,Coyote attacks teenager in Massachusetts: report https://t.co/QQjxggwTKg,31,@FoxNews
-0.0772,Sun Jun 10 19:45:07 +0000 2018,0.16,0.695,0.144,Pilot who landed plane after co-pilot was 'sucked halfway' out cockpit window awarded $777G https://t.co/YKTnHspgOl,32,@FoxNews
-0.5859,Sun Jun 10 19:45:00 +0000 2018,0.278,0.609,0.113,".@VP on Singapore summit: ""After years of failed policies and broken promises last year, President @realDonaldTrump‚Ä¶ https://t.co/PszsXnHxFg",33,@FoxNews
0.0,Sun Jun 10 19:44:16 +0000 2018,0.0,1.0,0.0,RT @EricShawnTV: I anchor at 4pm @FoxNews along with @ArthelNeville.  The Hillary Clinton e-mail investigation. What do you think I.G. Mich‚Ä¶,34,@FoxNews
-0.765,Sun Jun 10 19:29:18 +0000 2018,0.487,0.513,0.0,"Vince Vaughn arrested in California on DUI, resisting arrest charges
https://t.co/EyHDSN5rTn",35,@FoxNews
0.0,Sun Jun 10 19:20:47 +0000 2018,0.0,1.0,0.0,"""Our president is on schedule to forge a relationship with North Korea in Singapore that will cause Pyongyang to di‚Ä¶ https://t.co/E3mEoGFTCM",36,@FoxNews
0.3612,Sun Jun 10 19:14:32 +0000 2018,0.0,0.884,0.116,".@POTUS: ""Tariffs are going to come way down... We're like the piggy bank that everybody's robbing - and that ends. https://t.co/9E45R5cGbh",37,@FoxNews
-0.5994,Sun Jun 10 19:13:45 +0000 2018,0.218,0.782,0.0,".@SecretaryZinke: ""We could end the war. It's absolutely astonishing what @POTUS has done."" #Cavuto https://t.co/avnlrYyToR",38,@FoxNews
-0.7906,Sun Jun 10 19:04:55 +0000 2018,0.438,0.562,0.0,"Ohio house explosion leaves 1 dead, another critically injured, officials say https://t.co/hwK1pWGgRl",39,@FoxNews
-0.296,Sun Jun 10 18:55:34 +0000 2018,0.183,0.699,0.118,.@amazon admits to labor violations at factory in China after watchdog investigation - via @christocarbone https://t.co/kMF59CY2HQ,40,@FoxNews
-0.3818,Sun Jun 10 18:51:38 +0000 2018,0.265,0.49,0.245,"Peter Navarro: ""There's a special place in hell for any foreign leader that engages in bad faith diplomacy with Pre‚Ä¶ https://t.co/On3hlDARMA",41,@FoxNews
-0.7579,Sun Jun 10 18:43:32 +0000 2018,0.333,0.667,0.0,"Sen. @OrrinHatch: North Korea should abandon human rights abuses in addition to its nukes 
https://t.co/7R9ZNNMMal",42,@FoxNews
-0.5267,Sun Jun 10 18:37:19 +0000 2018,0.254,0.746,0.0,Dem Strategist Slams Trump's 'Behavior' in Office: He's a 'Raging Narcissist' https://t.co/zEkZAfl2ir,43,@FoxNews
-0.6369,Sun Jun 10 18:30:29 +0000 2018,0.366,0.634,0.0,"Lawyer in pasta assault must pay woman $103G, jury says https://t.co/p4iuYPLyy7",44,@FoxNews
0.0,Sun Jun 10 18:26:00 +0000 2018,0.0,1.0,0.0,TONIGHT: @BretBaier is live in Singapore ahead of President @realDonaldTrump‚Äôs historic summit with North Korean le‚Ä¶ https://t.co/53IvHMeakp,45,@FoxNews
-0.5719,Sun Jun 10 18:09:05 +0000 2018,0.291,0.583,0.126,"'Dancing' Georgia doctor is suspended by medical board for being a threat to public health, safety https://t.co/8xbdDJNUNp",46,@FoxNews
0.0,Sun Jun 10 17:58:00 +0000 2018,0.0,1.0,0.0,Woman dies 10 days after her husband of 46 years passes away https://t.co/g5mYqSgycG,47,@FoxNews
0.4939,Sun Jun 10 17:52:53 +0000 2018,0.0,0.769,0.231,Spicer: There Isn't 'a Bar High Enough' Trump Can Reach for Media's Approval of Summit https://t.co/4630f6Zktp,48,@FoxNews
0.0,Sun Jun 10 17:45:00 +0000 2018,0.0,1.0,0.0,".@henrymcmaster: ""I'm the only one that has a record."" https://t.co/8KZEPhrMI7",49,@FoxNews
0.0,Sun Jun 10 17:36:48 +0000 2018,0.0,1.0,0.0,President @realDonaldTrump slams Canadian PM @JustinTrudeau on Twitter. https://t.co/fxgY5mfAY1 https://t.co/9PLGmMPIMZ,50,@FoxNews
-0.7717,Sun Jun 10 17:30:00 +0000 2018,0.271,0.729,0.0,"TONIGHT: 'Legends &amp; Lies' Returns With a Riveting Look at The Civil War - Hosted by Brian @Kilmeade, it all begins‚Ä¶ https://t.co/P4FmCzgCfd",51,@FoxNews
0.34,Sun Jun 10 17:23:20 +0000 2018,0.0,0.789,0.211,President @realDonaldTrump endorses @henrymcmaster for governor of South Carolina. https://t.co/uf4eWB8r1I,52,@FoxNews
-0.7269,Sun Jun 10 17:18:00 +0000 2018,0.404,0.596,0.0,.@JudgeJeanine Rips Liberals for Trump Criticism: They're 'Un-American Haters' https://t.co/HgPrGPZuyG https://t.co/WqcTjzTHRV,53,@FoxNews
0.0,Sun Jun 10 17:11:23 +0000 2018,0.0,1.0,0.0,"On Twitter, @SenJohnMcCain sent a message to the nation's allies: ""Americans stand with you, even if our president‚Ä¶ https://t.co/LnOih3uZGB",54,@FoxNews
-0.0772,Sun Jun 10 16:58:58 +0000 2018,0.187,0.643,0.17,"Jailed Grandmother Thanks Trump for Clemency: We Must 'Get Behind Families Again'
https://t.co/wMaMXeEvbg",55,@FoxNews
0.4939,Sun Jun 10 16:50:00 +0000 2018,0.0,0.775,0.225,"On @foxandfriends, @Nigel_Farage praised President @realDonaldTrump's actions on the world stage.‚Ä¶ https://t.co/VqgleZc759",56,@FoxNews
-0.6249,Sun Jun 10 16:45:00 +0000 2018,0.362,0.638,0.0,"Florida Revokes Hundreds of Gun Permits After Background Check Error
https://t.co/qudleQJtAm",57,@FoxNews
-0.2551,Sun Jun 10 16:40:00 +0000 2018,0.135,0.865,0.0,".@Nigel_Farage: ""European leaders and European media are just a little bit confused right now."" https://t.co/uiC3OrLz2m",58,@FoxNews
0.0,Sun Jun 10 16:30:00 +0000 2018,0.0,1.0,0.0,"Joe Lieberman: ""I don't expect a big breakthrough today."" https://t.co/r3rj0PNFP5",59,@FoxNews
-0.0516,Sun Jun 10 16:25:33 +0000 2018,0.091,0.909,0.0,"Man asked to leave restaurant because of ‚Äòlarge‚Äô cross necklace, he claims https://t.co/eZy8eNk9FJ",60,@FoxNews
0.0,Sun Jun 10 16:24:51 +0000 2018,0.0,1.0,0.0,"Beginning Monday, ‚ÄòAmerica‚Äôs Newsroom‚Äô with @BillHemmer and @SandraSmithFox is three hours. Tune in to Fox News Cha‚Ä¶ https://t.co/xk1RkspjBQ",61,@FoxNews
-0.1531,Sun Jun 10 16:15:00 +0000 2018,0.096,0.904,0.0,TODAY: Don‚Äôt miss @FoxNewsSunday from Singapore ahead of President @realDonaldTrump‚Äôs historic meeting with North K‚Ä¶ https://t.co/Ybb5pFNeEl,62,@FoxNews
0.0,Sun Jun 10 16:05:39 +0000 2018,0.0,1.0,0.0,Dem Strategist @ncolier Slams President @realDonaldTrump's 'Behavior' in Office https://t.co/AWmP7GCULo https://t.co/BDF0MIKaAT,63,@FoxNews
-0.6705,Sun Jun 10 16:00:01 +0000 2018,0.258,0.645,0.097,"There is a ""special place in hell"" for Canadian PM @JustinTrudeau because of his decision to slam the U.S. in a pos‚Ä¶ https://t.co/tIbrhA0WH1",64,@FoxNews
0.5859,Sun Jun 10 15:59:55 +0000 2018,0.0,0.847,0.153,"Rafael Nadal beat Austria‚Äôs Dominic Thiem on Sunday for his 11th French Open title, becoming the first man to win 1‚Ä¶ https://t.co/VtsgMjgLGZ",65,@FoxNews
0.0,Sun Jun 10 15:49:58 +0000 2018,0.0,1.0,0.0,Sculpted head of mystery biblical king found in Israel https://t.co/NNEOwqTiUA,66,@FoxNews
-0.8402,Sun Jun 10 15:43:40 +0000 2018,0.5,0.5,0.0,The troubling signs leading up to Anthony Bourdain's suicide https://t.co/8fmTM2gcyx,67,@FoxNews
0.0,Sun Jun 10 15:42:53 +0000 2018,0.0,1.0,0.0,RT @EricShawnTV: I anchor at 12 pm EDT @FoxNews with @ArthelNeville. The #NorthKoreaSummit. #MIT's @DrJimWalshMIT says this about @POTUS @r‚Ä¶,68,@FoxNews
-0.2732,Sun Jun 10 15:33:19 +0000 2018,0.183,0.637,0.179,"There's a 'special place in hell' for Trudeau after his G7 'stunt,' top WH Trade Adviser Peter Navarro says https://t.co/BAJEdbWbl3",69,@FoxNews
0.0,Sun Jun 10 15:21:56 +0000 2018,0.0,1.0,0.0,"Alice Marie Johnson: ""We must as a nation get behind families again... The family is the core."" https://t.co/KgJx5BhRGK",70,@FoxNews
0.0,Sun Jun 10 15:09:38 +0000 2018,0.0,1.0,0.0,".@stephenharper: ""President Bush, President Obama - I watched them try to make a strategic partner of Vladimir Puti‚Ä¶ https://t.co/Re3zYwGo8f",71,@FoxNews
0.4404,Sun Jun 10 14:56:08 +0000 2018,0.0,0.847,0.153,".@stephenharper: ""I can understand why @POTUS, why the American people, feel they need better trade relationships.""‚Ä¶ https://t.co/saWjfjUXfU",72,@FoxNews
0.0,Sun Jun 10 14:37:19 +0000 2018,0.0,1.0,0.0,".@RepGoodlatte: ""I think we'll have [an immigration] bill out of the House very soon."" #SundayFutures‚Ä¶ https://t.co/ObU6MKFtnx",73,@FoxNews
-0.7003,Sun Jun 10 14:30:00 +0000 2018,0.266,0.734,0.0,.@dangainor: The New York Times wants to bury a reporting scandal -- and other examples of media madness https://t.co/ACvefJtpDy,74,@FoxNews
-0.6124,Sun Jun 10 14:18:29 +0000 2018,0.174,0.826,0.0,".@LindseyGrahamSC: ""President Trump, if he has to, will use military force to end this threat to the American homel‚Ä¶ https://t.co/14dBt9MuZs",75,@FoxNews
-0.4588,Sun Jun 10 13:52:22 +0000 2018,0.231,0.769,0.0,"Salmonella found in pre-cut melon sickens 60 people, CDC says https://t.co/VPMdLksw1j",76,@FoxNews
-0.6705,Sun Jun 10 13:38:39 +0000 2018,0.29,0.71,0.0,Soldier killed in Somalia ID'd as 8-year Army veteran from Arizona https://t.co/O2b0Eve465,77,@FoxNews
0.4215,Sun Jun 10 13:27:14 +0000 2018,0.0,0.865,0.135,.@JoeLieberman: ‚ÄúIt‚Äôs exciting‚Ä¶ Never before has a president of the United States and the leader of North Korea met‚Ä¶ https://t.co/7lBc6ww0V2,78,@FoxNews
0.0,Sun Jun 10 13:22:00 +0000 2018,0.0,1.0,0.0,MONDAY: @seanhannity is live in Singapore as President @realDonaldTrump‚Äôs historic summit with North Korean leader‚Ä¶ https://t.co/OU0wnR4RQS,79,@FoxNews
0.0,Sun Jun 10 13:14:13 +0000 2018,0.0,1.0,0.0,President @realDonaldTrump arrives at Paya Lebar Air Base for a summit with North Korean leader Kim Jong Un https://t.co/8LyDV7A8hB,80,@FoxNews
0.0,Sun Jun 10 13:10:33 +0000 2018,0.0,1.0,0.0,Sculpted head of mystery biblical king found in Israel https://t.co/NNEOwqTiUA,81,@FoxNews
0.0,Sun Jun 10 13:00:00 +0000 2018,0.0,1.0,0.0,TONIGHT: @BretBaier is live in Singapore ahead of President @realDonaldTrump‚Äôs historic summit with North Korean le‚Ä¶ https://t.co/hOnXhXV4W5,82,@FoxNews
-0.3182,Sun Jun 10 12:59:56 +0000 2018,0.133,0.867,0.0,Trump arrives in Singapore ahead of critical summit with North Korean leader Kim Jong Un https://t.co/ZKkYmb6wN7,83,@FoxNews
0.0,Sun Jun 10 12:41:35 +0000 2018,0.0,1.0,0.0,.@Nigel_Farage: ‚ÄúTo expect some dramatic breakthrough at a first meeting simply is not realistic.‚Äù https://t.co/wQKsvTqT2V,84,@FoxNews
0.0,Sun Jun 10 12:40:33 +0000 2018,0.0,1.0,0.0,.@POTUS arrives in Singapore for North Korea summit; @johnrobertsFox reports https://t.co/YCCMnTw3vd,85,@FoxNews
0.0,Sun Jun 10 12:31:00 +0000 2018,0.0,1.0,0.0,.@POTUS arrives in Singapore for North Korea summit https://t.co/jTaNcLYGMY,86,@FoxNews
0.0,Sun Jun 10 12:21:16 +0000 2018,0.0,1.0,0.0,Air Force One arrives in Singapore https://t.co/OwCi8j8XOA,87,@FoxNews
0.4019,Sun Jun 10 12:11:44 +0000 2018,0.0,0.787,0.213,Couple gets engaged at Trader Joe‚Äôs during ‚Äòmillennial grocery tour‚Äô https://t.co/4t1c5bb3pk,88,@FoxNews
0.0,Sun Jun 10 11:44:59 +0000 2018,0.175,0.649,0.175,"Shooting at California house party leaves several people injured, officials say https://t.co/t8AZuu9OK5",89,@FoxNews
0.0,Sun Jun 10 11:39:53 +0000 2018,0.0,1.0,0.0,Awaiting President @realDonaldTrump's Arrival in Singapore https://t.co/qZmFEDwfld,90,@FoxNews
0.0,Sun Jun 10 11:35:10 +0000 2018,0.0,1.0,0.0,"Alice Marie Johnson: ‚ÄúWe must, as a nation, get behind families again.‚Äù https://t.co/fDjbmgtUT6 https://t.co/gxRsZfI2Hj",91,@FoxNews
0.8497,Sun Jun 10 11:32:51 +0000 2018,0.0,0.684,0.316,Alice Marie Johnson: ‚ÄúI‚Äôm so thankful for this act of mercy and this second chance that you‚Äôve given me in life. Th‚Ä¶ https://t.co/cG8cKrfIxf,92,@FoxNews
0.0,Sun Jun 10 11:14:19 +0000 2018,0.0,1.0,0.0,.@CLewandowski_: ‚ÄúSuccess is the denuclearization of the Korean peninsula.‚Äù https://t.co/eCGH8DpIUr,93,@FoxNews
0.0,Sun Jun 10 11:10:42 +0000 2018,0.0,1.0,0.0,.@CLewandowski_: ‚ÄúThe president has all of the cards in his hands right now.‚Äù https://t.co/JtiaxEwX9q,94,@FoxNews
-0.5267,Sun Jun 10 10:46:44 +0000 2018,0.221,0.779,0.0,"Iran's Rouhani blasts US trade policies, calls them 'a threat to all' https://t.co/JuZ4toMQAu",95,@FoxNews
0.0,Sun Jun 10 10:38:07 +0000 2018,0.0,1.0,0.0,Kim Jong Un Arrives in Singapore for Summit https://t.co/MGd0VbEvgD,96,@FoxNews
-0.5267,Sun Jun 10 10:31:40 +0000 2018,0.274,0.726,0.0,Nancy Colier: ‚ÄúWe have a raging narcissist in the office.‚Äù https://t.co/V0yVNyCODh,97,@FoxNews
0.7964,Sun Jun 10 10:25:48 +0000 2018,0.0,0.728,0.272,Brad Thomas on the North Korea summit: ‚ÄúI think it will be successful and I have a full confidence in the president‚Ä¶ https://t.co/FCzT3pvZu1,98,@FoxNews
0.0,Sun Jun 10 10:09:09 +0000 2018,0.0,1.0,0.0,Kim Jong Un arrives in Singapore for summit with Trump https://t.co/Wn6sn9ffVm https://t.co/4jxSrnu7FY,99,@FoxNews
0.2732,Sun Jun 10 23:01:20 +0000 2018,0.107,0.741,0.152,She wanted to celebrate their marriage in lavish style. He had something less lofty in mind. A lovers‚Äô battle ensue‚Ä¶ https://t.co/L2Vy9WQePB,0,@NYTimes
0.0,Sun Jun 10 22:46:26 +0000 2018,0.0,1.0,0.0,"News analysis: ""With a petulant tweetstorm from Air Force One, President Trump all but blew up the Group of 7 natio‚Ä¶ https://t.co/ELbur15TEa",1,@NYTimes
0.34,Sun Jun 10 22:31:28 +0000 2018,0.065,0.8,0.135,"In a small study, doctors used so-called fecal transplants to treat a serious gut infection in patients. The transp‚Ä¶ https://t.co/zOj9SotkJe",2,@NYTimes
0.4767,Sun Jun 10 22:15:14 +0000 2018,0.0,0.838,0.162,"""Sex and the City"" spurred a generation of young, ambitious and single professionals to move to NYC. https://t.co/aj9TArE7I5",3,@NYTimes
0.0,Sun Jun 10 22:14:26 +0000 2018,0.0,1.0,0.0,"RT @nytimesarts: It was the year of the big brand on Broadway, when Harry Potter, Bruce Springsteen and SpongeBob SquarePants came to town.‚Ä¶",4,@NYTimes
0.6597,Sun Jun 10 22:00:07 +0000 2018,0.0,0.748,0.252,"Republican Party consultants say their polling now shows overwhelming support for a vote on a lottery, even among s‚Ä¶ https://t.co/sSvCN1YLlN",5,@NYTimes
0.128,Sun Jun 10 21:45:07 +0000 2018,0.12,0.737,0.143,Elon Musk and Mark Zuckerberg debated artificial intelligence over dinner 3 years ago. Their fight was the harbinge‚Ä¶ https://t.co/JwvDZNFpVS,6,@NYTimes
-0.2263,Sun Jun 10 21:30:08 +0000 2018,0.095,0.905,0.0,Federal internet rules known as net neutrality will officially disappear on Monday. The repeal is expected to draw‚Ä¶ https://t.co/rVBFNRIJRa,7,@NYTimes
-0.1779,Sun Jun 10 21:15:08 +0000 2018,0.082,0.918,0.0,"In Opinion

Op-Ed columnist @DLeonhardt writes, ""It‚Äôs past time to take seriously the only explanation for all of T‚Ä¶ https://t.co/Cdum0tKPuL",8,@NYTimes
0.0,Sun Jun 10 21:00:03 +0000 2018,0.0,1.0,0.0,President Vladimir V. Putin said during a visit to China that he would meet President Trump ‚Äúas soon as the America‚Ä¶ https://t.co/SYgcSNLhIC,9,@NYTimes
-0.6395,Sun Jun 10 20:45:08 +0000 2018,0.209,0.791,0.0,A Republican congressional baseball team returned to the field where they had almost been killed a year ago https://t.co/t0De0wAVMV,10,@NYTimes
0.0258,Sun Jun 10 20:30:04 +0000 2018,0.0,0.956,0.044,"""I slaved away in the gym for hours while only eating 600 calories a day to reach the body type expected of me to c‚Ä¶ https://t.co/akfbi2eiZ7",11,@NYTimes
0.6908,Sun Jun 10 20:15:05 +0000 2018,0.0,0.749,0.251,Thousands of women marched to celebrate 100 years since the first women were granted the vote in Britain https://t.co/DPbVC5Ueh9,12,@NYTimes
-0.1526,Sun Jun 10 20:00:11 +0000 2018,0.14,0.748,0.112,"While Ocean's 8 easily took first place at the box office, its opening is not an unmitigated success https://t.co/2LKE54rGj3",13,@NYTimes
0.7906,Sun Jun 10 19:45:05 +0000 2018,0.0,0.682,0.318,How do you capture the essence of love in New York? The answer is in a kiss. https://t.co/44ttmZKJGJ,14,@NYTimes
0.0,Sun Jun 10 19:33:38 +0000 2018,0.0,1.0,0.0,"RT @MichaelPaulson: Tonight is @TheTonyAwards. You‚Äôll hear @springsteen, @joshgroban and @SaraBareilles, see Tina Fey and @amyschumer, and‚Ä¶",15,@NYTimes
-0.7269,Sun Jun 10 19:30:02 +0000 2018,0.254,0.66,0.086,"At 16, she already might be the best high school runner ever. But can Katelyn Tuohy avoid one of the cruelest reali‚Ä¶ https://t.co/netHDmILgM",16,@NYTimes
0.2732,Sun Jun 10 19:15:07 +0000 2018,0.0,0.905,0.095,"Paul D. Boyer, a Nobel laureate who explored how organisms get energy from their environments and use it to keep th‚Ä¶ https://t.co/dpJ0sFx53v",17,@NYTimes
0.5423,Sun Jun 10 19:00:06 +0000 2018,0.0,0.811,0.189,"A peace treaty before denuclearization would be a tremendous victory for the North Koreans, says a Georgetown profe‚Ä¶ https://t.co/rCRL2bxu1h",18,@NYTimes
0.0,Sun Jun 10 18:45:07 +0000 2018,0.0,1.0,0.0,"Disney‚Äôs offer to buy 21st Century Fox. CVS‚Äôs bid for Aetna. T-Mobile‚Äôs proposed merger with Sprint.

The path for‚Ä¶ https://t.co/hPdlfBbyGy",19,@NYTimes
0.0,Sun Jun 10 18:30:05 +0000 2018,0.0,1.0,0.0,Here are a few ideas for what you should cook this week https://t.co/zdsVfmc70S,20,@NYTimes
0.0,Sun Jun 10 18:15:04 +0000 2018,0.0,1.0,0.0,"In Opinion

Op-Ed contributor Laurence Maslon writes, ""To paraphrase a family-friendly musical from 1960, ‚ÄúBye Bye‚Ä¶ https://t.co/S9h2EM0YNO",21,@NYTimes
0.5267,Sun Jun 10 18:00:02 +0000 2018,0.082,0.672,0.246,The new corporate tax cuts are unlikely to stimulate the level of job creation and wage growth that the Trump admin‚Ä¶ https://t.co/25gPuZqrg4,22,@NYTimes
-0.296,Sun Jun 10 17:45:05 +0000 2018,0.109,0.891,0.0,"Leaders in Beijing are worried, experts say, that Kim Jong-un might try to counterbalance China‚Äôs influence by embr‚Ä¶ https://t.co/0m71lmRjOM",23,@NYTimes
-0.8481,Sun Jun 10 17:30:07 +0000 2018,0.353,0.647,0.0,"A garbage-fueled tsunami killed 2 Indians. ‚ÄúIf this continues to happen, the city will drown in its waste.‚Äù https://t.co/fquliVjdY8",24,@NYTimes
0.0,Sun Jun 10 17:15:08 +0000 2018,0.0,1.0,0.0,A Honduran man who was told he would be separated from his family after he had crossed the border into Texas strang‚Ä¶ https://t.co/icGjtcKwnS,25,@NYTimes
-0.1779,Sun Jun 10 17:00:05 +0000 2018,0.078,0.922,0.0,"‚ÄúMy grandfather had to hide from the Nazis in a salt mine,‚Äù says a woman born in Poland, who is seeking restitution‚Ä¶ https://t.co/x79vBG1fBV",26,@NYTimes
0.0,Sun Jun 10 16:45:04 +0000 2018,0.0,1.0,0.0,"In Opinion 

Op-Ed contributor Mona Hanna-Attisha writes, ""One of the lessons of Flint is that science and public h‚Ä¶ https://t.co/y7UHnSYqw1",27,@NYTimes
-0.5859,Sun Jun 10 16:30:12 +0000 2018,0.231,0.769,0.0,Documents released in a lawsuit attempting to block the inclusion of a question about citizenship in the 2020 censu‚Ä¶ https://t.co/jLI5ctDxXS,28,@NYTimes
0.0382,Sun Jun 10 16:15:03 +0000 2018,0.0,0.948,0.052,"To many, Mitt Romney's earnestness now qualifies as refreshing. He does not swear. He does not drink. He does not a‚Ä¶ https://t.co/EiHDOuc97v",29,@NYTimes
0.8176,Sun Jun 10 16:06:44 +0000 2018,0.0,0.638,0.362,"Breaking News: Rafael Nadal won his 11th French Open title, triumphing over a young challenger, Dominic Thiem, and‚Ä¶ https://t.co/sRJWDg0wD8",30,@NYTimes
0.4767,Sun Jun 10 16:00:10 +0000 2018,0.064,0.731,0.205,"Corruption has gutted South Africa's tax agency. The hard lesson: When leaders resist paying their fair share, ordi‚Ä¶ https://t.co/x2bDF6IoBr",31,@NYTimes
0.0,Sun Jun 10 15:45:08 +0000 2018,0.0,1.0,0.0,"The summit meeting in Singapore, resuscitated at the last minute, will be the first between an American president a‚Ä¶ https://t.co/52H8JdnSGV",32,@NYTimes
0.0,Sun Jun 10 15:30:09 +0000 2018,0.0,1.0,0.0,"Roger Bennett of Men in Blazers answers your pressing questions about this year‚Äôs best-looking jerseys, hottest pla‚Ä¶ https://t.co/K20eaDjSC5",33,@NYTimes
0.0,Sun Jun 10 15:21:27 +0000 2018,0.0,1.0,0.0,"RT @patrickhealynyt: ‚ÄúEveryone is running out of a burning building. Mitt‚Äôs running in,‚Äù Ann Romney told ‚Å¶@mattfleg‚Å© in Utah. But would a S‚Ä¶",34,@NYTimes
0.4215,Sun Jun 10 15:15:05 +0000 2018,0.0,0.833,0.167,"Thousands of Irish women took part in a record-breaking skinny-dip to raise money for charity 
 https://t.co/PXiZwZRgTR",35,@NYTimes
0.0,Sun Jun 10 15:00:08 +0000 2018,0.0,1.0,0.0,"President Trump, a former reality television star, may soon be working with a thinned-out cast in the middle of Sea‚Ä¶ https://t.co/2SBC29dB92",36,@NYTimes
0.2023,Sun Jun 10 14:45:06 +0000 2018,0.0,0.833,0.167,"Here are the week‚Äôs top stories, and a look ahead https://t.co/yw6ZsMKESa",37,@NYTimes
0.8979,Sun Jun 10 14:30:11 +0000 2018,0.0,0.647,0.353,"‚ÄúHe‚Äôs the greatest of all time,‚Äù Mike Smith said of Justify when asked who his favorite horse was. ‚ÄúI just won the‚Ä¶ https://t.co/uiaHcl3QJP",38,@NYTimes
0.0,Sun Jun 10 14:27:55 +0000 2018,0.0,1.0,0.0,Deal Makers Brace for Ruling in AT&amp;T-Time Warner Case https://t.co/Gfw2uqB9V2,39,@NYTimes
0.0258,Sun Jun 10 14:15:07 +0000 2018,0.0,0.958,0.042,"RT @maggieNYT: Kelly hits one year on the job next month, the demarcation point he has been trying to reach. Asked by some senators at the‚Ä¶",40,@NYTimes
0.0,Sun Jun 10 14:11:26 +0000 2018,0.0,1.0,0.0,Trump Economic Adviser Ties G-7 Pullout to North Korea Meeting https://t.co/KKwbxCrLlD,41,@NYTimes
-0.3182,Sun Jun 10 14:04:43 +0000 2018,0.206,0.704,0.09,Breaking News: President Trump‚Äôs top economic adviser accused Justin Trudeau of a ‚Äúbetrayal‚Äù that risked making Mr.‚Ä¶ https://t.co/8M86hKs9dX,42,@NYTimes
0.0,Sun Jun 10 13:51:04 +0000 2018,0.0,1.0,0.0,"""On the direction of Steve Bannon."" https://t.co/5O8LVLlEVw",43,@NYTimes
0.0,Sun Jun 10 13:35:07 +0000 2018,0.0,1.0,0.0,"With American presidential races requiring an ever-dizzying amount of money, a behind-the-scenes 2020 contest is al‚Ä¶ https://t.co/aZRztxUvdB",44,@NYTimes
0.0,Sun Jun 10 13:29:05 +0000 2018,0.0,1.0,0.0,RT @dougmillsnyt: .@realDonaldTrump walks off Air Force One as he arrives at the Paya Lebar Air Base in Singapore where is expected meet wi‚Ä¶,45,@NYTimes
0.0,Sun Jun 10 13:00:08 +0000 2018,0.0,1.0,0.0,"Surveillance cameras are an inescapable fixture of the modern city. But in Newark, the police have taken an extraor‚Ä¶ https://t.co/Y63d43uEnb",46,@NYTimes
0.0,Sun Jun 10 12:31:06 +0000 2018,0.0,1.0,0.0,"The plan was to drive around and pick up couples in a truck, photographing them as the city rolled by. As always, N‚Ä¶ https://t.co/ERcVo0peXD",47,@NYTimes
0.0,Sun Jun 10 12:15:03 +0000 2018,0.0,1.0,0.0,"News analysis: ""With a petulant tweetstorm from Air Force One, President Trump all but blew up the Group of 7 natio‚Ä¶ https://t.co/7hASST23Wc",48,@NYTimes
0.0,Sun Jun 10 12:14:36 +0000 2018,0.0,1.0,0.0,"Vote For Me! For Second Place, at Least? https://t.co/wZkHbICYKo",49,@NYTimes
0.0,Sun Jun 10 11:46:35 +0000 2018,0.0,1.0,0.0,Lee Pace came out 7 times a week on stage. Then he came out for real. https://t.co/9nCyn5AuNM,50,@NYTimes
-0.0772,Sun Jun 10 11:30:09 +0000 2018,0.151,0.711,0.138,"Who‚Äôs right, Elon Musk or Mark Zuckerberg? Is supersmart artificial intelligence a potential threat to humans, or a‚Ä¶ https://t.co/8fpLUHOIgT",51,@NYTimes
-0.1531,Sun Jun 10 11:14:25 +0000 2018,0.11,0.89,0.0,‚ÄòYou Have to Be Girl-Power Tough‚Äô: Pageant Competitors Weigh In on Miss America https://t.co/lexYzBb3UJ,52,@NYTimes
0.0,Sun Jun 10 11:01:25 +0000 2018,0.0,1.0,0.0,"30 billion gallons of Hawaiian lava, as seen from the ground and space https://t.co/BDHQvOm8Ns https://t.co/aL5QMRezTV",53,@NYTimes
0.4019,Sun Jun 10 10:45:05 +0000 2018,0.0,0.787,0.213,"Yes, Britain, you can have more women on corporate boards https://t.co/iTNWAzWS6t",54,@NYTimes
0.0,Sun Jun 10 10:30:05 +0000 2018,0.0,1.0,0.0,"Researchers say bees understand the concept of nothing, or zero. But do we understand what that means? https://t.co/aWptyP4S4i",55,@NYTimes
0.4404,Sun Jun 10 10:11:14 +0000 2018,0.0,0.707,0.293,"How Good Is the Trump Economy, Really? https://t.co/3PhVtZtHgO",56,@NYTimes
0.0,Sun Jun 10 10:00:10 +0000 2018,0.0,1.0,0.0,"As President Trump heads into nuclear talks with North Korea, he lacks a close adviser with nuclear expertise https://t.co/W7JEkz67nY",57,@NYTimes
0.0,Sun Jun 10 09:35:23 +0000 2018,0.0,1.0,0.0,Trump and Kim May Define ‚ÄòKorea Denuclearization‚Äô Quite Differently https://t.co/HqJ6XZXAim,58,@NYTimes
0.743,Sun Jun 10 09:33:25 +0000 2018,0.0,0.722,0.278,Where‚Äôs the best place in America to live if you want to maximize your chances of living longer? Consider Hawaii ..‚Ä¶ https://t.co/hlSPUbjKml,59,@NYTimes
-0.0772,Sun Jun 10 09:15:52 +0000 2018,0.071,0.929,0.0,"RT @nytlizrobbins: That 2020 Census question about citizenship? Led to internal opposition and political lobbying, including from immigrati‚Ä¶",60,@NYTimes
0.4019,Sun Jun 10 08:59:47 +0000 2018,0.0,0.828,0.172,"Before your next trip, consider these tips to stay healthy while you travel https://t.co/jRbSdRs8Vm",61,@NYTimes
0.0,Sun Jun 10 08:43:30 +0000 2018,0.0,1.0,0.0,When the Neurologist Really Knows How Patients Feel https://t.co/JY0oJeuZdQ,62,@NYTimes
0.0,Sun Jun 10 08:34:23 +0000 2018,0.0,1.0,0.0,"For the first time in modern ballet history, a male dancer is performing as part of the female ensemble at an inter‚Ä¶ https://t.co/y1hwwBa7oL",63,@NYTimes
0.5719,Sun Jun 10 08:17:03 +0000 2018,0.0,0.85,0.15,"RT @NYTSports: Justify won the Triple Crown with a wire-to-wire Belmont Stakes victory, becoming the 13th horse to pull off the sweep. http‚Ä¶",64,@NYTimes
0.0,Sun Jun 10 08:00:12 +0000 2018,0.0,1.0,0.0,"Theresa May, the British prime minister, blasted President Trump‚Äôs tariffs. She said she had registered ""our deep d‚Ä¶ https://t.co/aRQh1umsUt",65,@NYTimes
0.6369,Sun Jun 10 07:36:05 +0000 2018,0.0,0.588,0.412,11 of our best weekend reads https://t.co/iNhqGO8PY2,66,@NYTimes
0.0,Sun Jun 10 07:20:02 +0000 2018,0.0,1.0,0.0,Bill Cunningham‚Äôs unseen scrapbooks https://t.co/EaNAYJwi8y,67,@NYTimes
0.0,Sun Jun 10 07:03:02 +0000 2018,0.0,1.0,0.0,"In interviews with hotel and restaurant employees and with local officials in Kaysersberg, a portrait of Anthony Bo‚Ä¶ https://t.co/zEdIbVYJax",68,@NYTimes
-0.34,Sun Jun 10 06:40:29 +0000 2018,0.154,0.75,0.096,"A survey of 300 affluent Americans found that money can, in fact, buy happiness ‚Äî but often with a side of regret https://t.co/3t0WUqPTc2",69,@NYTimes
0.2332,Sun Jun 10 06:24:13 +0000 2018,0.079,0.804,0.117,"Even though the 7-Minute Workout sounds easy, it can be really, really hard for some of us to complete. 

Here‚Äôs ho‚Ä¶ https://t.co/2vhE4uWygh",70,@NYTimes
0.2732,Sun Jun 10 06:07:51 +0000 2018,0.095,0.769,0.136,"RT @NYTSports: After losing to Simona Halep in the French Open final, Sloane Stephens helped her celebrate.  ‚ÄúYeah, show the world your tro‚Ä¶",71,@NYTimes
0.0,Sun Jun 10 05:51:29 +0000 2018,0.0,1.0,0.0,The New York Times obituary for Anthony Bourdain https://t.co/etJOUoKiSM,72,@NYTimes
0.0,Sun Jun 10 05:35:04 +0000 2018,0.0,1.0,0.0,Why Guatemala‚Äôs volcano has been more deadly than Hawaii‚Äôs https://t.co/J1Frm5ln3D,73,@NYTimes
0.0,Sun Jun 10 05:20:23 +0000 2018,0.0,1.0,0.0,Corruption Gutted South Africa‚Äôs Tax Agency. Now the Nation Is Paying the Price. https://t.co/GlvVlgsvtd,74,@NYTimes
0.7579,Sun Jun 10 05:15:19 +0000 2018,0.0,0.764,0.236,"""I think it is a wonderful thing that poets are now sharing their work online because work gets into the hands of p‚Ä¶ https://t.co/Ldy8Vh0KsL",75,@NYTimes
0.0,Sun Jun 10 04:58:15 +0000 2018,0.0,1.0,0.0,"Giant salamander farms in China ""are driving the extinction of most of the species by homogenizing them"" https://t.co/eEy6DiGGuI",76,@NYTimes
0.3612,Sun Jun 10 04:41:54 +0000 2018,0.0,0.865,0.135,"Rachel Cusk's novels describe what it‚Äôs like to walk through the world, trailing ashes behind you https://t.co/Sp8zGqhiZl",77,@NYTimes
0.0,Sun Jun 10 04:27:30 +0000 2018,0.0,1.0,0.0,"Maria Bueno, Brazilian Tennis Star Who Reigned Over 1960s, Dies at 78 https://t.co/MMw1aJOrMP",78,@NYTimes
0.5719,Sun Jun 10 04:25:03 +0000 2018,0.0,0.844,0.156,"President Macron of France said the trade debates at the G-7 summit were ""sometimes quite heated."" Asked who won th‚Ä¶ https://t.co/Yj0GGivEtE",79,@NYTimes
0.7003,Sun Jun 10 04:01:25 +0000 2018,0.092,0.616,0.291,"For 6 straight World Cups, Mexico has cheered its heroes through the first round only to see them crash out in the‚Ä¶ https://t.co/7vw3Pe4luh",80,@NYTimes
0.0516,Sun Jun 10 03:44:04 +0000 2018,0.125,0.741,0.134,"What is the trade deficit? It‚Äôs not a scorecard, and reducing it won‚Äôt necessarily be good for jobs. https://t.co/cAGVGzbBU5",81,@NYTimes
-0.4767,Sun Jun 10 03:29:03 +0000 2018,0.147,0.853,0.0,"RT @nytlizrobbins: Pablo Villavicencio, arrested by ICE when delivering food to a Brooklyn Army base, gets a reprieve. Federal judge tempor‚Ä¶",82,@NYTimes
0.0,Sun Jun 10 03:13:04 +0000 2018,0.0,1.0,0.0,Anthony Bourdain understood that eating was simply a way of taking the world inside you https://t.co/zIAk0RdfKm,83,@NYTimes
0.5719,Sun Jun 10 02:59:05 +0000 2018,0.0,0.861,0.139,"RT @peterbakernyt: With a petulant tweetstorm from Air Force One, Trump all but blew up the G-7 nations that the United States has led for‚Ä¶",84,@NYTimes
0.0,Sun Jun 10 02:50:25 +0000 2018,0.0,1.0,0.0,"On Horse Racing: At 52, Mike Smith Has the Ride of His Life https://t.co/QIESi0NjMT",85,@NYTimes
-0.2263,Sun Jun 10 02:25:06 +0000 2018,0.079,0.921,0.0,RT @amyvirshup: Kris Kobach email in group of documents released in connection with census lawsuit says he talked to Wilbur Ross about citi‚Ä¶,86,@NYTimes
0.0,Sun Jun 10 02:15:35 +0000 2018,0.0,1.0,0.0,"Before leaving the annual meeting of major world powers, President Trump said that on a scale of 0 to 10, ""the rela‚Ä¶ https://t.co/5dSqlZmSHy",87,@NYTimes
-0.0772,Sun Jun 10 02:05:49 +0000 2018,0.126,0.874,0.0,Documents Show Political Lobbying in Census Question About Citizenship https://t.co/41VoR04bNy,88,@NYTimes
-0.7906,Sun Jun 10 02:03:04 +0000 2018,0.318,0.682,0.0,"Venomous stonefish are ugly, and they're poisonous. And now scientists have discovered that they carry switchblades. https://t.co/YsJ7HkazJa",89,@NYTimes
0.6705,Sun Jun 10 01:56:53 +0000 2018,0.0,0.744,0.256,"Trudeau‚Äôs office responded to Trump's tweets with a statement: ""We are focused on everything we accomplished here a‚Ä¶ https://t.co/wQERlgpNnJ",90,@NYTimes
0.0,Sun Jun 10 01:47:24 +0000 2018,0.0,1.0,0.0,"The ice over Manhattan would have buried even the tallest skyscraper. As it melted, giant boulders embedded deep wi‚Ä¶ https://t.co/ulWgedMV5w",91,@NYTimes
0.34,Sun Jun 10 01:35:50 +0000 2018,0.0,0.893,0.107,"Trudeau sought to play down personal clashes with Trump as he wrapped up the G-7 summit, saying he leaves ‚Äúinspired‚Ä¶ https://t.co/gY0bzq4klo",92,@NYTimes
0.0,Sun Jun 10 01:30:41 +0000 2018,0.0,1.0,0.0,Nick Cave Wants You to Work It Out on the Dance Floor https://t.co/GMPPrGqLh7,93,@NYTimes
0.3612,Sun Jun 10 01:18:36 +0000 2018,0.0,0.906,0.094,"Janelle Mon√°e brings a pair of big fuzzy socks on the road. ""I like to moonwalk when I‚Äôm on the tour bus. It‚Äôs my f‚Ä¶ https://t.co/jbf5ZtCzC8",94,@NYTimes
-0.5574,Sun Jun 10 01:03:05 +0000 2018,0.146,0.854,0.0,"RT @kimseverson: Here's a sketch of Bourdain‚Äôs last couple of days in the medieval village where he died, from @MilanSchreuer of the @nytim‚Ä¶",95,@NYTimes
-0.1531,Sun Jun 10 00:04:46 +0000 2018,0.151,0.849,0.0,Judge Stops Deportation of a New York Pizza Delivery Man https://t.co/HvmhAiLkvU,96,@NYTimes
0.8074,Sat Jun 09 23:43:28 +0000 2018,0.0,0.722,0.278,RT @nytimestravel: This year would have been Leonard Bernstein's 100th birthday. Celebrate his rich musical legacy at these events around t‚Ä¶,97,@NYTimes
-0.4019,Sat Jun 09 23:43:02 +0000 2018,0.13,0.87,0.0,"Breaking News: President Trump upended two days of diplomacy, refusing to sign a Group of 7 statement and calling P‚Ä¶ https://t.co/Y0hQKylGpt",98,@NYTimes
-0.6705,Sat Jun 09 23:25:30 +0000 2018,0.647,0.353,0.0,I Have Post-Brokeness Stress Disorder https://t.co/DzbNcVsanm,99,@NYTimes
